ID,Ref.,Alloy,Dmax,Fe,Co,B,Si,Nb,Ni,Y,Zr,Cr,Mo,P,C,Hf,Al,Dy,Er,Mn,Ti,V,Cu,Ga,Tm,Sn,W,Ta
1,[1],((Fe0.5Co0.5)0.75B0.2Si0.05)96Nb4,5,0.36,0.36,0.192,0.048,0.04,0,0,0,0,0,0,0,0,0,0,0,0,0,0,0,0,0,0,0,0
2,[2],Fe71Nb6B17Y3Zr3,3,0.71,0,0.17,0,0.06,0,0.03,0.03,0,0,0,0,0,0,0,0,0,0,0,0,0,0,0,0,0
3,[2],Fe69Nb6B17Y3Zr5,3,0.69,0,0.17,0,0.06,0,0.03,0.05,0,0,0,0,0,0,0,0,0,0,0,0,0,0,0,0,0
4,[2],Fe69Nb6B17Y3Co5,3,0.69,0.05,0.17,0,0.06,0,0.03,0,0,0,0,0,0,0,0,0,0,0,0,0,0,0,0,0,0
5,[2],Fe66Nb6B17Y3Co8,2,0.66,0.08,0.17,0,0.06,0,0.03,0,0,0,0,0,0,0,0,0,0,0,0,0,0,0,0,0,0
6,[1],Fe45Co3Cr15Mo14C15B6Y2,8,0.45,0.03,0.06,0,0,0,0.02,0,0.15,0.14,0,0.15,0,0,0,0,0,0,0,0,0,0,0,0,0
7,[3],Fe74.5Nb6Y2.5B17,1,0.745,0,0.17,0,0.06,0,0.009,0,0,0,0,0,0,0,0,0,0,0,0,0,0,0,0,0,0
8,[3],Fe73.5Nb6Y3.5B17,1,0.735,0,0.17,0,0.06,0,0.025,0,0,0,0,0,0,0,0,0,0,0,0,0,0,0,0,0,0
9,[3] ,Fe74Nb6Y3B17,2,0.74,0,0.17,0,0.06,0,0.03,0,0,0,0,0,0,0,0,0,0,0,0,0,0,0,0,0,0
10,[1],Fe58Co14Y6B22 ,2.5,0.58,0.14,0.22,0,0,0,0.06,0,0,0,0,0,0,0,0,0,0,0,0,0,0,0,0,0,0
11,[1],Fe68Mo4Y6B22 ,6.5,0.68,0,0.22,0,0,0,0.06,0,0,0.04,0,0,0,0,0,0,0,0,0,0,0,0,0,0,0
12,[1],Fe67Mo5Y6B22 ,3.5,0.67,0,0.22,0,0,0,0.06,0,0,0.05,0,0,0,0,0,0,0,0,0,0,0,0,0,0,0
13,[1],Fe65Mo14C15B6,1.5,0.65,0,0.06,0,0,0,0,0,0,0.14,0,0.15,0,0,0,0,0,0,0,0,0,0,0,0,0
14,[4],Fe62Co8Hf5Mo7B15Y3,3,0.62,0.08,0.15,0,0,0,0.03,0,0,0.07,0,0,0.05,0,0,0,0,0,0,0,0,0,0,0,0
15,[5],Fe61Y2Zr8Co6Al1Mo7B15,5,0.61,0.06,0.15,0,0,0,0.02,0.08,0,0.07,0,0,0,0.01,0,0,0,0,0,0,0,0,0,0,0
16,[6] ,Fe50Cr14Mo14C14B6Dy2,4,0.5,0,0.06,0,0,0,0,0,0.14,0.14,0,0.14,0,0,0.02,0,0,0,0,0,0,0,0,0,0
17,[7],(Fe44.3Cr5Co5Mo12.8Mn11.2C15.8B5.9)98.5Y1.5,12,0.43635,0.04925,0.05812,0,0,0,0.015,0,0.04925,0.12608,0,0.15563,0,0,0,0,0.11032,0,0,0,0,0,0,0,0
18,[7],(Fe44.3Cr10Mo13.8Mn11.2C15.8B5.9)98.5Y1.5,12,0.43635,0,0.05812,0,0,0,0.015,0,0.0985,0.12608,0,0.15563,0,0,0,0,0.11032,0,0,0,0,0,0,0,0
19,[8],Fe41Co7Cr15Mo14C15B6Y2,16,0.41,0.07,0.06,0,0,0,0.02,0,0.15,0.14,0,0.15,0,0,0,0,0,0,0,0,0,0,0,0,0
20,[9],Fe48Cr15Mo14C15B6Y2,9,0.48,0,0.06,0,0,0,0.02,0,0.15,0.14,0,0.15,0,0,0,0,0,0,0,0,0,0,0,0,0
21,[1],Fe43Co5Cr15Mo14C15B6Y2,9,0.43,0.05,0.06,0,0,0,0.02,0,0.15,0.14,0,0.15,0,0,0,0,0,0,0,0,0,0,0,0,0
22,[1],Fe56Mn5Cr7Mo12Er2C12B6,8,0.56,0,0.06,0,0,0,0,0,0.07,0.12,0,0.12,0,0,0,0.02,0.05,0,0,0,0,0,0,0,0
23,[1],Fe58Cr5Mo14Er2C15B6,6,0.58,0,0.06,0,0,0,0,0,0.05,0.14,0,0.15,0,0,0,0.02,0,0,0,0,0,0,0,0,0
24,[10],Fe76Si3.3P8.7C7.0B5.0,1,0.76,0,0.05,0.033,0,0,0,0,0,0,0.087,0.07,0,0,0,0,0,0,0,0,0,0,0,0,0
25,[10],Fe75Si3.3P8.7C7.0B5.0Al1,2,0.75,0,0.05,0.033,0,0,0,0,0,0,0.087,0.07,0,0.01,0,0,0,0,0,0,0,0,0,0,0
26,[10],Fe75Si3.3P8.7C7.0B5.0Ti1,1.5,0.75,0,0.05,0.033,0,0,0,0,0,0,0.087,0.07,0,0,0,0,0,0.01,0,0,0,0,0,0,0
27,[10],Fe75Si3.3P8.7C7.0B5.0V1,1.5,0.75,0,0.05,0.033,0,0,0,0,0,0,0.087,0.07,0,0,0,0,0,0,0.01,0,0,0,0,0,0
28,[10],Fe75Si3.3P8.7C7.0B5.0Cr1,2,0.75,0,0.05,0.033,0,0,0,0,0.01,0,0.087,0.07,0,0,0,0,0,0,0,0,0,0,0,0,0
29,[10],Fe75.5Si3.3P8.7C7.0B5.0Mn0.5,1,0.755,0,0.05,0.033,0,0,0,0,0,0,0.087,0.07,0,0,0,0,0.005,0,0,0,0,0,0,0,0
30,[10],Fe69Si3.3P8.7C7.0B5.0Co7,3,0.69,0.07,0.05,0.033,0,0,0,0,0,0,0.087,0.07,0,0,0,0,0,0,0,0,0,0,0,0,0
31,[10],Fe71Si3.3P8.7C7.0B5.0Ni5,3,0.71,0,0.05,0.033,0,0.05,0,0,0,0,0.087,0.07,0,0,0,0,0,0,0,0,0,0,0,0,0
32,[10],Fe75.7Si3.3P8.7C7.0B5.0Cu0.3,3,0.757,0,0.05,0.033,0,0,0,0,0,0,0.087,0.07,0,0,0,0,0,0,0,0.003,0,0,0,0,0
33,[10],Fe75Si3.3P8.7C7.0B5.0Ga1,3,0.75,0,0.05,0.033,0,0,0,0,0,0,0.087,0.07,0,0,0,0,0,0,0,0,0.01,0,0,0,0
34,[10],Fe75.5Si3.3P8.7C7.0B5.0Zr0.5,0.5,0.755,0,0.05,0.033,0,0,0,0.005,0,0,0.087,0.07,0,0,0,0,0,0,0,0,0,0,0,0,0
35,[10],Fe75.5Si3.3P8.7C7.0B5.0Nb0.5,1.5,0.755,0,0.05,0.033,0.005,0,0,0,0,0,0.087,0.07,0,0,0,0,0,0,0,0,0,0,0,0,0
36,[10],Fe73Si3.3P8.7C7.0B5.0Mo3,5,0.73,0,0.05,0.033,0,0,0,0,0,0.03,0.087,0.07,0,0,0,0,0,0,0,0,0,0,0,0,0
37,[11],Fe75B15Si10,0.25,0.75,0,0.15,0.1,0,0,0,0,0,0,0,0,0,0,0,0,0,0,0,0,0,0,0,0,0
38,[1],(Fe0.75B0.15Si0.10)99Zr1,0.75,0.7425,0,0.1485,0.099,0,0,0,0.01,0,0,0,0,0,0,0,0,0,0,0,0,0,0,0,0,0
39,[1],(Fe0.75B0.15Si0.10)99Nb1,0.5,0.7425,0,0.1485,0.099,0.01,0,0,0,0,0,0,0,0,0,0,0,0,0,0,0,0,0,0,0,0
40,[1],(Fe0.75B0.15Si0.10)98Nb2,1,0.735,0,0.147,0.098,0.02,0,0,0,0,0,0,0,0,0,0,0,0,0,0,0,0,0,0,0,0
41,[1],(Fe0.75B0.15Si0.10)96Nb4,1.5,0.72,0,0.144,0.096,0.04,0,0,0,0,0,0,0,0,0,0,0,0,0,0,0,0,0,0,0,0
42,[1],[(Fe0.9Co0.1)0.75B0.2Si0.05]96Nb4,2,0.648,0.072,0.192,0.048,0.04,0,0,0,0,0,0,0,0,0,0,0,0,0,0,0,0,0,0,0,0
43,[1],[(Fe0.8Co0.2)0.75B0.2Si0.05]96Nb4,2.5,0.576,0.144,0.192,0.048,0.04,0,0,0,0,0,0,0,0,0,0,0,0,0,0,0,0,0,0,0,0
44,[1],[(Fe0.7Co0.3)0.75B0.2Si0.05]96Nb4,3.5,0.504,0.216,0.192,0.048,0.04,0,0,0,0,0,0,0,0,0,0,0,0,0,0,0,0,0,0,0,0
45,[1],[(Fe0.6Co0.4)0.75B0.2Si0.05]96Nb4,4,0.432,0.288,0.192,0.048,0.04,0,0,0,0,0,0,0,0,0,0,0,0,0,0,0,0,0,0,0,0
46,[12],[(Co0.9Fe0.1)0.75B0.2Si0.05]96Nb4,2,0.072,0.648,0.192,0.048,0.04,0,0,0,0,0,0,0,0,0,0,0,0,0,0,0,0,0,0,0,0
47,[12],[(Co0.8Fe0.2)0.75B0.2Si0.05]96Nb4,2.5,0.144,0.576,0.192,0.048,0.04,0,0,0,0,0,0,0,0,0,0,0,0,0,0,0,0,0,0,0,0
48,[12],[(Co0.7Fe0.3)0.75B0.2Si0.05]96Nb4 ,3.5,0.216,0.504,0.192,0.048,0.04,0,0,0,0,0,0,0,0,0,0,0,0,0,0,0,0,0,0,0,0
49,[12],[(Co0.6Fe0.4)0.75B0.2Si0.05]96Nb4,4,0.288,0.432,0.192,0.048,0.04,0,0,0,0,0,0,0,0,0,0,0,0,0,0,0,0,0,0,0,0
50,[7],[(Fe0.8Co0.1Ni0.1)0.75B0.2Si0.05]96Nb4,2.5,0.576,0.072,0.192,0.048,0.04,0.072,0,0,0,0,0,0,0,0,0,0,0,0,0,0,0,0,0,0,0
51,[7],[(Fe0.6Co0.1Ni0.3)0.75B0.2Si0.05]96Nb4,3,0.432,0.072,0.192,0.048,0.04,0.216,0,0,0,0,0,0,0,0,0,0,0,0,0,0,0,0,0,0,0
52,[7],[(Fe0.6Co0.2Ni0.2)0.75B0.2Si0.05]96Nb4,4,0.432,0.144,0.192,0.048,0.04,0.144,0,0,0,0,0,0,0,0,0,0,0,0,0,0,0,0,0,0,0
53,[7],[(Fe0.6Co0.3Ni0.1)0.75B0.2Si0.05]96Nb4,4,0.432,0.216,0.192,0.048,0.04,0.072,0,0,0,0,0,0,0,0,0,0,0,0,0,0,0,0,0,0,0
54,[1],(Fe72Nb4B20Si4)98Y2,2,0.7056,0,0.196,0.0392,0.0392,0,0.02,0,0,0,0,0,0,0,0,0,0,0,0,0,0,0,0,0,0
55,[1],(Fe72Nb4B20Si4)97Y3,4,0.6984,0,0.194,0.0388,0.0388,0,0.03,0,0,0,0,0,0,0,0,0,0,0,0,0,0,0,0,0,0
56,[1],(Fe72Nb4B20Si4)96Y4,3,0.6912,0,0.192,0.0384,0.0384,0,0.04,0,0,0,0,0,0,0,0,0,0,0,0,0,0,0,0,0,0
57,[1],{[(Fe0.6Co0.4)0.75B0.2Si0.05]0.96Nb0.04}99Cr1,4,0.42768,0.28512,0.19008,0.04752,0.0396,0,0,0,0.01,0,0,0,0,0,0,0,0,0,0,0,0,0,0,0,0
58,[1],{[(Fe0.6Co0.4)0.75B0.2Si0.05]0.96Nb0.04}98Cr2,4,0.42336,0.28224,0.18816,0.04704,0.0392,0,0,0,0.02,0,0,0,0,0,0,0,0,0,0,0,0,0,0,0,0
59,[1],{[(Fe0.6Co0.4)0.75B0.2Si0.05]0.96Nb0.04}97Cr3,3.5,0.41904,0.27936,0.18624,0.04656,0.0388,0,0,0,0.03,0,0,0,0,0,0,0,0,0,0,0,0,0,0,0,0
60,[1],{[(Fe0.6Co0.4)0.75B0.2Si0.05]0.96Nb0.04}96Cr4,3,0.41472,0.27648,0.18432,0.04608,0.0384,0,0,0,0.04,0,0,0,0,0,0,0,0,0,0,0,0,0,0,0,0
61,[9],Fe48Cr15Mo14Dy2C15B6,9,0.48,0,0.06,0,0,0,0,0,0.15,0.14,0,0.15,0,0,0.02,0,0,0,0,0,0,0,0,0,0
62,[7],Fe52Cr15Mo9Er3C15B6,6,0.52,0,0.06,0,0,0,0,0,0.15,0.09,0,0.15,0,0,0,0.03,0,0,0,0,0,0,0,0,0
63,[13],Fe77Mo3P13C7,5.5,0.77,0,0,0,0,0,0,0,0,0.03,0.13,0.07,0,0,0,0,0,0,0,0,0,0,0,0,0
64,[13],Fe74Mo6P13C7,6,0.74,0,0,0,0,0,0,0,0,0.06,0.13,0.07,0,0,0,0,0,0,0,0,0,0,0,0,0
65,[13],Fe71Mo9P13C7,2.5,0.71,0,0,0,0,0,0,0,0,0.09,0.13,0.07,0,0,0,0,0,0,0,0,0,0,0,0,0
66,[13],Fe68Mo12P13C7,1,0.68,0,0,0,0,0,0,0,0,0.12,0.13,0.07,0,0,0,0,0,0,0,0,0,0,0,0,0
67,[14],(Fe0.74Dy0.01B0.2Si0.05)96Nb4 ,1,0.7104,0,0.192,0.048,0.04,0,0,0,0,0,0,0,0,0,0.0096,0,0,0,0,0,0,0,0,0,0
68,[14],(Fe0.73Dy0.02B0.2Si0.05)96Nb4 ,2,0.7008,0,0.192,0.048,0.04,0,0,0,0,0,0,0,0,0,0.0192,0,0,0,0,0,0,0,0,0,0
69,[14],(Fe0.72Dy0.03B0.2Si0.05)96Nb4  ,2.5,0.6912,0,0.192,0.048,0.04,0,0,0,0,0,0,0,0,0,0.0288,0,0,0,0,0,0,0,0,0,0
70,[14],(Fe0.71Dy0.04B0.2Si0.05)96Nb4  ,4,0.6816,0,0.192,0.048,0.04,0,0,0,0,0,0,0,0,0,0.0384,0,0,0,0,0,0,0,0,0,0
71,[14],(Fe0.70Dy0.05B0.2Si0.05)96Nb4  ,3,0.672,0,0.192,0.048,0.04,0,0,0,0,0,0,0,0,0,0.048,0,0,0,0,0,0,0,0,0,0
72,[14],(Fe0.69Dy0.06B0.2Si0.05)96Nb4  ,3,0.6624,0,0.192,0.048,0.04,0,0,0,0,0,0,0,0,0,0.0576,0,0,0,0,0,0,0,0,0,0
73,[14],(Fe0.68Dy0.07B0.2Si0.05)96Nb4  ,2,0.6528,0,0.192,0.048,0.04,0,0,0,0,0,0,0,0,0,0.0672,0,0,0,0,0,0,0,0,0,0
74,[15],Fe75Mo5P10C8.3B1.7,1.5,0.75,0,0.017,0,0,0,0,0,0,0.05,0.1,0.083,0,0,0,0,0,0,0,0,0,0,0,0,0
,,,,,,,,,,,,,,,,,,,,,,,,,,,,
75,[7],Fe71Mo5P12C10B2,3,0.71,0,0.02,0,0,0,0,0,0,0.05,0.12,0.1,0,0,0,0,0,0,0,0,0,0,0,0,0
76,[16],Fe75Mo5P10C7.5B2.5,2,0.75,0,0.025,0,0,0,0,0,0,0.05,0.1,0.075,0,0,0,0,0,0,0,0,0,0,0,0,0
77,[7],Fe71Nb6B23,1.5,0.71,0,0.23,0,0.06,0,0,0,0,0,0,0,0,0,0,0,0,0,0,0,0,0,0,0,0
78,[17],Fe40Ni40P14B6,2.5,0.4,0,0.06,0,0,0.4,0,0,0,0,0.14,0,0,0,0,0,0,0,0,0,0,0,0,0,0
79,[18],(Fe0.8Ni0.2)71Mo5P12C10B2,3,0.568,0,0.02,0,0,0.142,0,0,0,0.05,0.12,0.1,0,0,0,0,0,0,0,0,0,0,0,0,0
80,[19],(Fe0.9Ni0.1)77Mo5P9C7.5B1.5,2.5,0.693,0,0.015,0,0,0.077,0,0,0,0.05,0.09,0.075,0,0,0,0,0,0,0,0,0,0,0,0,0
81,[20],(Fe0.5Co0.5)71Nb6B23,0.5,0.355,0.355,0.23,0,0.06,0,0,0,0,0,0,0,0,0,0,0,0,0,0,0,0,0,0,0,0
82,[20],(Fe0.5Co0.5)69Nb6B25 ,1.5,0.345,0.345,0.25,0,0.06,0,0,0,0,0,0,0,0,0,0,0,0,0,0,0,0,0,0,0,0
83,[20],(Fe0.5Co0.5)68Nb6B26,2.5,0.34,0.34,0.26,0,0.06,0,0,0,0,0,0,0,0,0,0,0,0,0,0,0,0,0,0,0,0
84,[20],(Fe0.5Co0.5)67Nb6B27,3,0.335,0.335,0.27,0,0.06,0,0,0,0,0,0,0,0,0,0,0,0,0,0,0,0,0,0,0,0
85,[20],(Fe0.5Co0.5)68Nb6B28,2,0.33,0.33,0.28,0,0.06,0,0,0,0,0,0,0,0,0,0,0,0,0,0,0,0,0,0,0,0
86,[21],Fe76Mo3.5P10C4B4Si2.5,4.5,0.76,0,0.04,0.025,0,0,0,0,0,0.035,0.1,0.04,0,0,0,0,0,0,0,0,0,0,0,0,0
87,[21],Fe71Ni5Mo3.5P10C4B4Si2.5,5.5,0.71,0,0.04,0.025,0,0.05,0,0,0,0.035,0.1,0.04,0,0,0,0,0,0,0,0,0,0,0,0,0
88,[21],Fe66Ni10Mo3.5P10C4B4Si2.5,4,0.66,0,0.04,0.025,0,0.1,0,0,0,0.035,0.1,0.04,0,0,0,0,0,0,0,0,0,0,0,0,0
89,[21],Fe61Ni15Mo3.5P10C4B4Si2.5,2.5,0.61,0,0.04,0.025,0,0.15,0,0,0,0.035,0.1,0.04,0,0,0,0,0,0,0,0,0,0,0,0,0
90,[21],Fe56Ni20Mo3.5P10C4B4Si2.5,1,0.56,0,0.04,0.025,0,0.2,0,0,0,0.035,0.1,0.04,0,0,0,0,0,0,0,0,0,0,0,0,0
91,[21],Fe46Ni30Mo3.5P10C4B4Si2.5,0.3,0.46,0,0.04,0.025,0,0.3,0,0,0,0.035,0.1,0.04,0,0,0,0,0,0,0,0,0,0,0,0,0
92,[1],(Fe0.75B0.2Si0.05)96Nb4,1.5,0.72,0,0.192,0.048,0.04,0,0,0,0,0,0,0,0,0,0,0,0,0,0,0,0,0,0,0,0
93,[1],(Fe81.5Si3.8C14Tm0.7)90.9P9.1,1,0.74084,0,0,0.03454,0,0,0,0,0,0,0.091,0.12726,0,0,0,0,0,0,0,0,0,0.00636,0,0,0
94,[1],(Fe81.5Si3.8C14Tm0.7)92.37P7.63,1,0.75282,0,0,0.0351,0,0,0,0,0,0,0.0763,0.12932,0,0,0,0,0,0,0,0,0,0.00647,0,0,0
95,[1],Fe27Co40Zr3Ti3Mo1.5Si1.5B24,1.5,0.27,0.4,0.24,0.015,0,0,0,0.03,0,0.015,0,0,0,0,0,0,0,0.03,0,0,0,0,0,0,0
96,[1],Fe39Co9Cr15Mo14C15B6Y2,10,0.39,0.09,0.06,0,0,0,0.02,0,0.15,0.14,0,0.15,0,0,0,0,0,0,0,0,0,0,0,0,0
97,[1],Fe46Co30Mo4(P0.45C0.2B0.2Si0.15)20,3,0.46,0.3,0.04,0.03,0,0,0,0,0,0.04,0.09,0.04,0,0,0,0,0,0,0,0,0,0,0,0,0
98,[9],Fe48Cr15Mo14Er2C15B6,12,0.48,0,0.06,0,0,0,0,0,0.15,0.14,0,0.15,0,0,0,0.02,0,0,0,0,0,0,0,0,0
99,[1],Fe56Co16Y6B22,2.5,0.56,0.16,0.22,0,0,0,0.06,0,0,0,0,0,0,0,0,0,0,0,0,0,0,0,0,0,0
100,[1],Fe56Co20Mo4(P0.45C0.2B0.2Si0.15)20,5,0.56,0.2,0.04,0.03,0,0,0,0,0,0.04,0.09,0.04,0,0,0,0,0,0,0,0,0,0,0,0,0
101,[1],Fe60Co12Y6B22,2.5,0.6,0.12,0.22,0,0,0,0.06,0,0,0,0,0,0,0,0,0,0,0,0,0,0,0,0,0,0
102,[1],Fe61B15Mo7Zr8Co5Y2Cr2,5,0.61,0.05,0.15,0,0,0,0.02,0.08,0.02,0.07,0,0,0,0,0,0,0,0,0,0,0,0,0,0,0
103,[1],Fe61B15Mo7Zr8Co7Y2,5,0.61,0.07,0.15,0,0,0,0.02,0.08,0,0.07,0,0,0,0,0,0,0,0,0,0,0,0,0,0,0
104,[1],Fe62Co10Y6B22,2.5,0.62,0.1,0.22,0,0,0,0.06,0,0,0,0,0,0,0,0,0,0,0,0,0,0,0,0,0,0
105,[1],Fe63C15Mo14Er2B6,3,0.63,0,0.06,0,0,0,0,0,0,0.14,0,0.15,0,0,0,0.02,0,0,0,0,0,0,0,0,0
106,[1],Fe64Co8Y6B22,2.5,0.64,0.08,0.22,0,0,0,0.06,0,0,0,0,0,0,0,0,0,0,0,0,0,0,0,0,0,0
107,[1],Fe65.5Cr4Mo4Ga4P12C5B5.5,3,0.655,0,0.055,0,0,0,0,0,0.04,0.04,0.12,0.05,0,0,0,0,0,0,0,0,0.04,0,0,0,0
108,[1],Fe66Co10Mo4(P0.45C0.2B0.2Si0.15)20,6,0.66,0.1,0.04,0.03,0,0,0,0,0,0.04,0.09,0.04,0,0,0,0,0,0,0,0,0,0,0,0,0
109,[1],Fe66Co6Y6B22,2,0.66,0.06,0.22,0,0,0,0.06,0,0,0,0,0,0,0,0,0,0,0,0,0,0,0,0,0,0
110,[1],Fe67Ni5Y6B22,1,0.67,0,0.22,0,0,0.05,0.06,0,0,0,0,0,0,0,0,0,0,0,0,0,0,0,0,0,0
111,[1],Fe68.3C6.9Si2.5B6.7P8.8Cr2.2Mo2.5Al2.1,4,0.683,0,0.067,0.025,0,0,0,0,0.022,0.025,0.088,0.069,0,0.021,0,0,0,0,0,0,0,0,0,0,0
112,[1],Fe68Co4Y6B22,2,0.68,0.04,0.22,0,0,0,0.06,0,0,0,0,0,0,0,0,0,0,0,0,0,0,0,0,0,0
113,[1],Fe68Ni4Y6B22,1.5,0.68,0,0.22,0,0,0.04,0.06,0,0,0,0,0,0,0,0,0,0,0,0,0,0,0,0,0,0
114,[1],Fe69Mo3Y6B22,6,0.69,0,0.22,0,0,0,0.06,0,0,0.03,0,0,0,0,0,0,0,0,0,0,0,0,0,0,0
115,[1],Fe69Ni3Y6B22,1.5,0.69,0,0.22,0,0,0.03,0.06,0,0,0,0,0,0,0,0,0,0,0,0,0,0,0,0,0,0
116,[1],Fe70Co2Y6B22,2,0.7,0.02,0.22,0,0,0,0.06,0,0,0,0,0,0,0,0,0,0,0,0,0,0,0,0,0,0
117,[1],Fe70Mo2Y6B22,3.5,0.7,0,0.22,0,0,0,0.06,0,0,0.02,0,0,0,0,0,0,0,0,0,0,0,0,0,0,0
118,[1],Fe70Ni2Y6B22,2,0.7,0,0.22,0,0,0.02,0.06,0,0,0,0,0,0,0,0,0,0,0,0,0,0,0,0,0,0
119,[1],Fe71Mo1Y6B22,2.5,0.71,0,0.22,0,0,0,0.06,0,0,0.01,0,0,0,0,0,0,0,0,0,0,0,0,0,0,0
120,[1],Fe71Ni1Y6B22,2,0.71,0,0.22,0,0,0.01,0.06,0,0,0,0,0,0,0,0,0,0,0,0,0,0,0,0,0,0
121,[1],Fe72Y6B22,2,0.72,0,0.22,0,0,0,0.06,0,0,0,0,0,0,0,0,0,0,0,0,0,0,0,0,0,0
122,[1],Fe73Mo4Ga3P10C4B4Si2,2,0.73,0,0.04,0.02,0,0,0,0,0,0.04,0.1,0.04,0,0,0,0,0,0,0,0,0.03,0,0,0,0
123,[1],Fe74Mo4Ga2P10C4B4Si2,1.5,0.74,0,0.04,0.02,0,0,0,0,0,0.04,0.1,0.04,0,0,0,0,0,0,0,0,0.02,0,0,0,0
124,[1],Fe74Mo5P10C4B4Si3,3,0.74,0,0.04,0.03,0,0,0,0,0,0.05,0.1,0.04,0,0,0,0,0,0,0,0,0,0,0,0,0
125,[1],Fe75Mo2Ga3P10C4B4Si2,2.5,0.75,0,0.04,0.02,0,0,0,0,0,0.02,0.1,0.04,0,0,0,0,0,0,0,0,0.03,0,0,0,0
126,[1],Fe76Mo2Ga2P10C4B4Si2,2,0.76,0,0.04,0.02,0,0,0,0,0,0.02,0.1,0.04,0,0,0,0,0,0,0,0,0.02,0,0,0,0
127,[1],Fe76Mo3P10C4B4Si3,3.5,0.76,0,0.04,0.03,0,0,0,0,0,0.03,0.1,0.04,0,0,0,0,0,0,0,0,0,0,0,0,0
128,[1],Fe76Mo4(P0.45.C0.2.B0.2.Si0.15)20,4,0.76,0,0.04,0.03,0,0,0,0,0,0.04,0.09,0.04,0,0,0,0,0,0,0,0,0,0,0,0,0
129,[1],Fe76Si9B10P5,2.5,0.76,0,0.1,0.09,0,0,0,0,0,0,0.05,0,0,0,0,0,0,0,0,0,0,0,0,0,0
130,[1],Fe77Mo2P10C4B4Si3,2.5,0.77,0,0.04,0.03,0,0,0,0,0,0.02,0.1,0.04,0,0,0,0,0,0,0,0,0,0,0,0,0
131,[1],Fe78Mo1P10C4B4Si3,1.5,0.78,0,0.04,0.03,0,0,0,0,0,0.01,0.1,0.04,0,0,0,0,0,0,0,0,0,0,0,0,0
132,[22],Fe72Mo4Ga2(P12B4C4)1.1 ,5,0.72,0,0.044,0,0,0,0,0,0,0.04,0.132,0.044,0,0,0,0,0,0,0,0,0.02,0,0,0,0
133,[23],Fe83C1B11Si2P3,0.081,0.83,0,0.11,0.02,0,0,0,0,0,0,0.03,0.01,0,0,0,0,0,0,0,0,0,0,0,0,0
134,[23],Fe83C1B11Si3P2,0.067,0.83,0,0.11,0.03,0,0,0,0,0,0,0.02,0.01,0,0,0,0,0,0,0,0,0,0,0,0,0
135,[23],Fe83C1B8Si4P4,0.055,0.83,0,0.08,0.04,0,0,0,0,0,0,0.04,0.01,0,0,0,0,0,0,0,0,0,0,0,0,0
136,[17],(Fe71.2B24Y4.8)96Ti4 ,2,0.68352,0,0.2304,0,0,0,0.04608,0,0,0,0,0,0,0,0,0,0.04,0,0,0,0,0,0,0,0
137,[17],(Fe71.2B24Y4.8)96Nb1Ti3 ,3,0.68352,0,0.2304,0,0.01,0,0.04608,0,0,0,0,0,0,0,0,0,0.03,0,0,0,0,0,0,0,0
138,[17],(Fe71.2B24Y4.8)96Nb2Ti2,6,0.68352,0,0.2304,0,0.02,0,0.04608,0,0,0,0,0,0,0,0,0,0.02,0,0,0,0,0,0,0,0
139,[17],(Fe71.2B24Y4.8)96Nb3Ti1 ,3,0.68352,0,0.2304,0,0.03,0,0.04608,0,0,0,0,0,0,0,0,0,0.01,0,0,0,0,0,0,0,0
140,[7],(Fe71.2B24Y4.8)96Nb4,3,0.68352,0,0.2304,0,0.04,0,0.04608,0,0,0,0,0,0,0,0,0,0,0,0,0,0,0,0,0,0
141,[24],Fe80P9C8B2Si1,1.5,0.8,0,0.02,0.01,0,0,0,0,0,0,0.09,0.08,0,0,0,0,0,0,0,0,0,0,0,0,0
142,[24],Fe79Sn1P9C8B2Si1 ,3,0.79,0,0.02,0.01,0,0,0,0,0,0,0.09,0.08,0,0,0,0,0,0,0,0,0,0,0.01,0,0
143,[24],Fe78Sn2P9C8B2Si1 ,3.5,0.78,0,0.02,0.01,0,0,0,0,0,0,0.09,0.08,0,0,0,0,0,0,0,0,0,0,0.02,0,0
144,[24],Fe77Sn3P9C8B2Si1,1.5,0.77,0,0.02,0.01,0,0,0,0,0,0,0.09,0.08,0,0,0,0,0,0,0,0,0,0,0.03,0,0
145,[25],Fe68Nb4Y6B22 ,5,0.68,0,0.22,0,0.04,0,0.06,0,0,0,0,0,0,0,0,0,0,0,0,0,0,0,0,0,0
146,[25],Fe66Cr2Nb4Y6B22 ,5,0.66,0,0.22,0,0.04,0,0.06,0,0.02,0,0,0,0,0,0,0,0,0,0,0,0,0,0,0,0
147,[25],Fe64Cr4Nb4Y6B22 ,5,0.64,0,0.22,0,0.04,0,0.06,0,0.04,0,0,0,0,0,0,0,0,0,0,0,0,0,0,0,0
148,[25],Fe62Cr6Nb4Y6B22,4,0.62,0,0.22,0,0.04,0,0.06,0,0.06,0,0,0,0,0,0,0,0,0,0,0,0,0,0,0,0
149,[26],(Fe0.71Er0.05B0.24)96Nb4 ,5.5,0.6816,0,0.2304,0,0.04,0,0,0,0,0,0,0,0,0,0,0.048,0,0,0,0,0,0,0,0,0
150,[26],(Fe0.71Tm0.05B0.24)96Nb4,6.5,0.6816,0,0.2304,0,0.04,0,0,0,0,0,0,0,0,0,0,0,0,0,0,0,0,0.048,0,0,0
151,[76] ,Fe50Cr15Mo14C15B6,2,0.5,0,0.06,0,0,0,0,0,0.15,0.14,0,0.15,0,0,0,0,0,0,0,0,0,0,0,0,0
152,[27],Fe48Cr15Mo14C15B6Nb2,2,0.48,0,0.06,0,0.02,0,0,0,0.15,0.14,0,0.15,0,0,0,0,0,0,0,0,0,0,0,0,0
153,[27],Fe46Cr15Mo14C15B6Nb4 ,3,0.46,0,0.06,0,0.04,0,0,0,0.15,0.14,0,0.15,0,0,0,0,0,0,0,0,0,0,0,0,0
154,[27],Fe44Cr15Mo14C15B6Nb6  ,2,0.44,0,0.06,0,0.06,0,0,0,0.15,0.14,0,0.15,0,0,0,0,0,0,0,0,0,0,0,0,0
155,[28],(Fe95Co5)80P13C7,2.1,0.76,0.04,0,0,0,0,0,0,0,0,0.13,0.07,0,0,0,0,0,0,0,0,0,0,0,0,0
156,[28],(Fe90Co10)80P13C7,2.3,0.72,0.08,0,0,0,0,0,0,0,0,0.13,0.07,0,0,0,0,0,0,0,0,0,0,0,0,0
157,[28],(Fe85Co15)80P13C7,2.2,0.68,0.12,0,0,0,0,0,0,0,0,0.13,0.07,0,0,0,0,0,0,0,0,0,0,0,0,0
158,[28],(Fe90Co10)82P11C7,1.2,0.738,0.082,0,0,0,0,0,0,0,0,0.11,0.07,0,0,0,0,0,0,0,0,0,0,0,0,0
159,[28],(Fe90Co10)82P8C7B3,1.3,0.738,0.082,0.03,0,0,0,0,0,0,0,0.08,0.07,0,0,0,0,0,0,0,0,0,0,0,0,0
160,[28],(Fe90Co10)82P6C7B3Si2,1,0.738,0.082,0.03,0.02,0,0,0,0,0,0,0.06,0.07,0,0,0,0,0,0,0,0,0,0,0,0,0
161,[29],Fe20Co60P14B6 ,1.2,0.2,0.6,0.06,0,0,0,0,0,0,0,0.14,0,0,0,0,0,0,0,0,0,0,0,0,0,0
162,[29],Fe30Co50P14B6 ,1.6,0.3,0.5,0.06,0,0,0,0,0,0,0,0.14,0,0,0,0,0,0,0,0,0,0,0,0,0,0
163,[29],Fe40Co40P14B6 ,2,0.4,0.4,0.06,0,0,0,0,0,0,0,0.14,0,0,0,0,0,0,0,0,0,0,0,0,0,0
164,[29],Fe50Co30P14B6 ,1.6,0.5,0.3,0.06,0,0,0,0,0,0,0,0.14,0,0,0,0,0,0,0,0,0,0,0,0,0,0
165,[29],Fe60Co20P14B6 ,1.2,0.6,0.2,0.06,0,0,0,0,0,0,0,0.14,0,0,0,0,0,0,0,0,0,0,0,0,0,0
166,[29],Fe72.5Co2.5P14B6,1.5,0.725,0,0.05,0,0,0,0,0,0,0.025,0.1,0.1,0,0,0,0,0,0,0,0,0,0,0,0,0
167,[29],Fe75Co5P14B6 ,3,0.7,0,0.05,0,0,0,0,0,0,0.05,0.1,0.1,0,0,0,0,0,0,0,0,0,0,0,0,0
168,[29],Fe67.5Co7.5P14B6,3,0.675,0,0.05,0,0,0,0,0,0,0.075,0.1,0.1,0,0,0,0,0,0,0,0,0,0,0,0,0
169,[29],Fe70Co10P14B6,1.5,0.65,0,0.05,0,0,0,0,0,0,0.1,0.1,0.1,0,0,0,0,0,0,0,0,0,0,0,0,0
170,[30] ,Fe72B20Si4Nb4,1.5,0.72,0,0.2,0.04,0.04,0,0,0,0,0,0,0,0,0,0,0,0,0,0,0,0,0,0,0,0
171,[30],Fe72B20Si4Nb4,1.5,0.718,0,0.2,0.04,0.04,0,0,0,0,0,0,0,0,0,0,0,0,0,0,0.002,0,0,0,0,0
172,[30],Fe71.6Cu0.4B20Si4Nb4 ,1.5,0.716,0,0.2,0.04,0.04,0,0,0,0,0,0,0,0,0,0,0,0,0,0,0.004,0,0,0,0,0
173,[30],Fe71.4Cu0.6B20Si4Nb4 ,1.5,0.714,0,0.2,0.04,0.04,0,0,0,0,0,0,0,0,0,0,0,0,0,0,0.006,0,0,0,0,0
174,[30],Fe71.2Cu0.8B20Si4Nb4 ,1,0.712,0,0.2,0.04,0.04,0,0,0,0,0,0,0,0,0,0,0,0,0,0,0.008,0,0,0,0,0
175,[30] ,Fe71Cu1B20Si4Nb4,1,0.71,0,0.2,0.04,0.04,0,0,0,0,0,0,0,0,0,0,0,0,0,0,0.01,0,0,0,0,0
176,[31],(Fe0.75Dy0.01B0.24)96Nb4 ,0.5,0.72,0,0.2304,0,0.04,0,0,0,0,0,0,0,0,0,0.0096,0,0,0,0,0,0,0,0,0,0
177,[31],(Fe0.74Dy0.02B0.24)96Nb4  ,2.5,0.7104,0,0.2304,0,0.04,0,0,0,0,0,0,0,0,0,0.0192,0,0,0,0,0,0,0,0,0,0
178,[31],(Fe0.73Dy0.03B0.24)96Nb4 ,3.5,0.7008,0,0.2304,0,0.04,0,0,0,0,0,0,0,0,0,0.0288,0,0,0,0,0,0,0,0,0,0
179,[31],(Fe0.72Dy0.04B0.24)96Nb4 ,4.5,0.6912,0,0.2304,0,0.04,0,0,0,0,0,0,0,0,0,0.0384,0,0,0,0,0,0,0,0,0,0
180,[31],(Fe0.75Dy0.05B0.24)96Nb4 ,5.5,0.6816,0,0.2304,0,0.04,0,0,0,0,0,0,0,0,0,0.048,0,0,0,0,0,0,0,0,0,0
181,[31],(Fe0.70Dy0.06B0.24)96Nb4 ,4.5,0.672,0,0.2304,0,0.04,0,0,0,0,0,0,0,0,0,0.0576,0,0,0,0,0,0,0,0,0,0
182,[31],(Fe0.69Dy0.07B0.24)96Nb4,3,0.6624,0,0.2304,0,0.04,0,0,0,0,0,0,0,0,0,0.0672,0,0,0,0,0,0,0,0,0,0
183,[32],Fe63Co7Nb4Zr6B19Si1,2,0.63,0.07,0.19,0.01,0.04,0,0,0.06,0,0,0,0,0,0,0,0,0,0,0,0,0,0,0,0,0
184,[33],Fe80P13C7,2,0.8,0,0,0,0,0,0,0,0,0,0.13,0.07,0,0,0,0,0,0,0,0,0,0,0,0,0
185,[33],Fe75Co5P13C7,2.3,0.75,0.05,0,0,0,0,0,0,0,0,0.13,0.07,0,0,0,0,0,0,0,0,0,0,0,0,0
186,[33],Fe70Co10P13C7,2.5,0.7,0.1,0,0,0,0,0,0,0,0,0.13,0.07,0,0,0,0,0,0,0,0,0,0,0,0,0
187,[33],Fe65Co15P13C7,2,0.65,0.15,0,0,0,0,0,0,0,0,0.13,0.07,0,0,0,0,0,0,0,0,0,0,0,0,0
188,[33],Fe60Co20P13C7,1.8,0.6,0.2,0,0,0,0,0,0,0,0,0.13,0.07,0,0,0,0,0,0,0,0,0,0,0,0,0
189,[34],(Fe0.76Si0.09B0.1P0.05)98.25Nb1Cu0.75,2.5,0.7467,0,0.09825,0.08843,0.01,0,0,0,0,0,0.04913,0,0,0,0,0,0,0,0,0.0075,0,0,0,0,0
190,[34],(Fe0.76Si0.09B0.1P0.05)98.5Nb1Cu0.5,2.5,0.7486,0,0.0985,0.08865,0.01,0,0,0,0,0,0.04925,0,0,0,0,0,0,0,0,0.005,0,0,0,0,0
191,[34],(Fe0.76Si0.09B0.1P0.05)98Nb1Cu1,1,0.7448,0,0.098,0.0882,0.01,0,0,0,0,0,0.049,0,0,0,0,0,0,0,0,0.01,0,0,0,0,0
192,[34],Fe61.5Co10B13.5Si10Nb4Cu1,1.5,0.615,0.1,0.135,0.1,0.04,0,0,0,0,0,0,0,0,0,0,0,0,0,0,0.01,0,0,0,0,0
193,[34],(Fe0.76Si0.096B0.084P0.06)99.9Cu0.1,2.5,0.75924,0,0.08392,0.0959,0,0,0,0,0,0,0.05994,0,0,0,0,0,0,0,0,1.00E-03,0,0,0,0,0
194,[34],Fe75.3C7Si3.3B5P8.7Cu0.7,1,0.753,0,0.05,0.033,0,0,0,0,0,0,0.087,0.07,0,0,0,0,0,0,0,0.007,0,0,0,0,0
195,[34],Fe72.5Si10B12.5Nb4Cu1,0.5,0.725,0,0.125,0.1,0.04,0,0,0,0,0,0,0,0,0,0,0,0,0,0,0.01,0,0,0,0,0
196,[35],(Co0.5Fe0.5)62Nb6Y2B30 ,3,0.31,0.31,0.3,0,0.06,0,0.02,0,0,0,0,0,0,0,0,0,0,0,0,0,0,0,0,0,0
197,[35],(Co0.5Fe0.5)62Nb6Dy2B30,3,0.31,0.31,0.3,0,0.06,0,0,0,0,0,0,0,0,0,0,0.02,0,0,0,0,0,0,0,0,0
198,[35],(Co0.5Fe0.5)62Nb6Er2B30,3,0.31,0.31,0.3,0,0.06,0,0,0,0,0,0,0,0,0,0.02,0,0,0,0,0,0,0,0,0,0
199,[36],Fe75Ni5P13C7 ,2.5,0.75,0,0,0,0,0.05,0,0,0,0,0.13,0.07,0,0,0,0,0,0,0,0,0,0,0,0,0
200,[36],Fe70Ni10P13C7,2.4,0.7,0,0,0,0,0.1,0,0,0,0,0.13,0.07,0,0,0,0,0,0,0,0,0,0,0,0,0
201,[36],Fe65Ni15P13C7,2.4,0.65,0,0,0,0,0.15,0,0,0,0,0.13,0.07,0,0,0,0,0,0,0,0,0,0,0,0,0
202,[36],Fe60Ni20P13C7  ,2.3,0.6,0,0,0,0,0.2,0,0,0,0,0.13,0.07,0,0,0,0,0,0,0,0,0,0,0,0,0
203,[36],Fe55Ni25P13C7,2,0.55,0,0,0,0,0.25,0,0,0,0,0.13,0.07,0,0,0,0,0,0,0,0,0,0,0,0,0
204,[36],Fe50Ni30P13C7,1.8,0.5,0,0,0,0,0.3,0,0,0,0,0.13,0.07,0,0,0,0,0,0,0,0,0,0,0,0,0
205,[37],Fe65Ni5Mo5P10C10B5,3,0.65,0,0.05,0,0,0.05,0,0,0,0.05,0.1,0.1,0,0,0,0,0,0,0,0,0,0,0,0,0
206,[37],Fe55Ni15Mo5P10C10B5,3,0.55,0,0.05,0,0,0.15,0,0,0,0.05,0.1,0.1,0,0,0,0,0,0,0,0,0,0,0,0,0
207,[37],Fe55Co10Ni5Mo5P10C10B5,4,0.55,0.1,0.05,0,0,0.05,0,0,0,0.05,0.1,0.1,0,0,0,0,0,0,0,0,0,0,0,0,0
208,[37],Fe73Al5Ga2P11C5B4,1,0.73,0,0.04,0,0,0,0,0,0,0,0.11,0.05,0,0.05,0,0,0,0,0,0,0.02,0,0,0,0
209,[37],Fe69Cr2Mo5P12C10B2,3,0.69,0,0.02,0,0,0,0,0,0.02,0.05,0.12,0.1,0,0,0,0,0,0,0,0,0,0,0,0,0
210,[38],(Fe0.76Si0.09B0.1P0.05)99Nb1,3.5,0.7524,0,0.099,0.0891,0.01,0,0,0,0,0,0.0495,0,0,0,0,0,0,0,0,0,0,0,0,0,0
211,[38],(Fe0.76Si0.09B0.1P0.05)98.75Nb1Cu0.25 ,3,0.7505,0,0.09875,0.08887,0.01,0,0,0,0,0,0.04938,0,0,0,0,0,0,0,0,0.0025,0,0,0,0,0
212,[39],Fe75.5C6.0Si3.3B5.5P8.7Cu1.0,1,0.755,0,0.055,0.033,0,0,0,0,0,0,0.087,0.06,0,0,0,0,0,0,0,0.01,0,0,0,0,0
213,[39],Fe74.5C6.0Si3.3B5.5P8.7Cu1.0Al1 ,2,0.745,0,0.055,0.033,0,0,0,0,0,0,0.087,0.06,0,0.01,0,0,0,0,0,0.01,0,0,0,0,0
214,[40],Fe77Al3P11C9,2,0.77,0,0,0,0,0,0,0,0,0,0.11,0.09,0,0.03,0,0,0,0,0,0,0,0,0,0,0
215,[40],Fe77Al3P10C9B1,2.5,0.77,0,0.01,0,0,0,0,0,0,0,0.1,0.09,0,0.03,0,0,0,0,0,0,0,0,0,0,0
216,[40],Fe77Al3P9C9B2,3,0.77,0,0.02,0,0,0,0,0,0,0,0.09,0.09,0,0.03,0,0,0,0,0,0,0,0,0,0,0
217,[40],Fe77Al3P8C9B3,2.5,0.77,0,0.03,0,0,0,0,0,0,0,0.08,0.09,0,0.03,0,0,0,0,0,0,0,0,0,0,0
218,[40],Fe77Al3P7C9B4,2,0.77,0,0.04,0,0,0,0,0,0,0,0.07,0.09,0,0.03,0,0,0,0,0,0,0,0,0,0,0
219,[40],Fe77Al3P6C9B5,1,0.77,0,0.05,0,0,0,0,0,0,0,0.06,0.09,0,0.03,0,0,0,0,0,0,0,0,0,0,0
220,[41],Fe75P10C10B5,0.5,0.75,0,0.05,0,0,0,0,0,0,0,0.1,0.1,0,0,0,0,0,0,0,0,0,0,0,0,0
221,[41],Fe60Co15P10C10B5,1,0.6,0.15,0.05,0,0,0,0,0,0,0,0.1,0.1,0,0,0,0,0,0,0,0,0,0,0,0,0
222,[41],Fe50Co25P10C10B5,1.5,0.5,0.25,0.05,0,0,0,0,0,0,0,0.1,0.1,0,0,0,0,0,0,0,0,0,0,0,0,0
223,[41],Fe40Co35P10C10B5,2,0.4,0.35,0.05,0,0,0,0,0,0,0,0.1,0.1,0,0,0,0,0,0,0,0,0,0,0,0,0
224,[41],Fe30Co45P10C10B5,1,0.3,0.45,0.05,0,0,0,0,0,0,0,0.1,0.1,0,0,0,0,0,0,0,0,0,0,0,0,0
225,[41],Fe40Co30Ni5P10C10B5,2,0.4,0.3,0.05,0,0,0.05,0,0,0,0,0.1,0.1,0,0,0,0,0,0,0,0,0,0,0,0,0
226,[41],Fe40Co20Ni15P10C10B5,2.5,0.4,0.2,0.05,0,0,0.15,0,0,0,0,0.1,0.1,0,0,0,0,0,0,0,0,0,0,0,0,0
227,[41],Fe40Co10Ni25P10C10B5,2,0.4,0.1,0.05,0,0,0.25,0,0,0,0,0.1,0.1,0,0,0,0,0,0,0,0,0,0,0,0,0
228,[42],Fe78Cr2P9C9B2,1.8,0.78,0,0.02,0,0,0,0,0,0.02,0,0.09,0.09,0,0,0,0,0,0,0,0,0,0,0,0,0
229,[42],Fe75Cr5P9C9B2 ,1.5,0.75,0,0.02,0,0,0,0,0,0.05,0,0.09,0.09,0,0,0,0,0,0,0,0,0,0,0,0,0
230,[42],Fe72Cr8P9C9B2  ,1,0.72,0,0.02,0,0,0,0,0,0.08,0,0.09,0.09,0,0,0,0,0,0,0,0,0,0,0,0,0
231,[42],Fe64Cr16P9C9B2 ,0.5,0.64,0,0.02,0,0,0,0,0,0.16,0,0.09,0.09,0,0,0,0,0,0,0,0,0,0,0,0,0
232,[43],Fe43Cr16Mo16C15B10,2.7,0.43,0,0.1,0,0,0,0,0,0.16,0.16,0,0.15,0,0,0,0,0,0,0,0,0,0,0,0,0
233,[43],Fe43Cr16Mo16C17.5B7.5,2.2,0.43,0,0.075,0,0,0,0,0,0.16,0.16,0,0.175,0,0,0,0,0,0,0,0,0,0,0,0,0
234,[43],Fe43Cr16Mo16C15B5P5,2.2,0.43,0,0.05,0,0,0,0,0,0.16,0.16,0.05,0.15,0,0,0,0,0,0,0,0,0,0,0,0,0
235,[43],Fe43Cr16Mo16C20B5,1.6,0.43,0,0.05,0,0,0,0,0,0.16,0.16,0,0.2,0,0,0,0,0,0,0,0,0,0,0,0,0
236,[43],Fe43Cr16Mo16C10B15,1.2,0.43,0,0.15,0,0,0,0,0,0.16,0.16,0,0.1,0,0,0,0,0,0,0,0,0,0,0,0,0
237,[44],Fe62.5Co5Mo7.5P10C10B5,4,0.625,0.05,0.05,0,0,0,0,0,0,0.075,0.1,0.1,0,0,0,0,0,0,0,0,0,0,0,0,0
238,[44],Fe60Ni7.5Mo7.5P10C10B5,4,0.6,0,0.05,0,0,0.075,0,0,0,0.075,0.1,0.1,0,0,0,0,0,0,0,0,0,0,0,0,0
239,[44],Fe60Co5Ni2.5Mo7.5P10C10B5,3,0.6,0.05,0.05,0,0,0.025,0,0,0,0.075,0.1,0.1,0,0,0,0,0,0,0,0,0,0,0,0,0
240,[42],Fe80P9C9B2  ,1.8,0.8,0,0.02,0,0,0,0,0,0,0,0.09,0.09,0,0,0,0,0,0,0,0,0,0,0,0,0
241,[42],Fe78Cr2P9C9B2,1.8,0.78,0.02,0.02,0,0,0,0,0,0,0,0.09,0.09,0,0,0,0,0,0,0,0,0,0,0,0,0
242,[42],Fe75Cr5P9C9B2 ,1.5,0.75,0.05,0.02,0,0,0,0,0,0,0,0.09,0.09,0,0,0,0,0,0,0,0,0,0,0,0,0
243,[42],Fe72Cr8P9C9B2 ,1,0.72,0.08,0.02,0,0,0,0,0,0,0,0.09,0.09,0,0,0,0,0,0,0,0,0,0,0,0,0
244,[7],(Fe71.2B24Y4.8)98Nb2,2,0.69776,0,0.2352,0,0.02,0,0.04704,0,0,0,0,0,0,0,0,0,0,0,0,0,0,0,0,0,0
245,[7],(Fe71.2B24Y4.8)94Nb6,3,0.66928,0,0.2256,0,0.06,0,0.04512,0,0,0,0,0,0,0,0,0,0,0,0,0,0,0,0,0,0
246,[7],(Fe71.2B24Y4.8)92Nb8,1,0.65504,0,0.2208,0,0.08,0,0.04416,0,0,0,0,0,0,0,0,0,0,0,0,0,0,0,0,0,0
247,[1],(Fe72Nb4B20Si4)99Y1,2,0.7128,0,0.198,0.0396,0.0396,0,0.01,0,0,0,0,0,0,0,0,0,0,0,0,0,0,0,0,0,0
248,[1],(Fe72Nb4B20Si4)95Y5,3,0.684,0,0.19,0.038,0.038,0,0.05,0,0,0,0,0,0,0,0,0,0,0,0,0,0,0,0,0,0
249,[45],(Fe44Cr10Mo12.5Mn11C15B6Y1.5),5,0.44,0,0.06,0,0,0,0.015,0,0.1,0.125,0,0.15,0,0,0,0,0.11,0,0,0,0,0,0,0,0
250,[45],(Fe44Cr10Mo12.5Mn11C15B6Y1.5)98Mn2,3,0.4312,0,0.0588,0,0,0,0.0147,0,0.098,0.1225,0,0.147,0,0,0,0,0.1278,0,0,0,0,0,0,0,0
251,[45],(Fe44Cr10Mo12.5Mn11C15B6Y1.5)96Mn4,3,0.4224,0,0.0576,0,0,0,0.0144,0,0.096,0.12,0,0.144,0,0,0,0,0.1456,0,0,0,0,0,0,0,0
252,[45],(Fe44Cr10Mo12.5Mn11C15B6Y1.5)92Mn8,2,0.4048,0,0.0552,0,0,0,0.0138,0,0.092,0.115,0,0.138,0,0,0,0,0.1812,0,0,0,0,0,0,0,0
253,[46],Fe68.7C7.0Si3.3B5.5P8.7Cr2.3Mo2.5Al2.0,5,0.687,0,0.055,0.033,0,0,0,0,0.023,0.025,0.087,0.07,0,0.02,0,0,0,0,0,0,0,0,0,0,0
254,[46],Fe67.7C7.0Si3.3B5.5P8.7Cr2.3Mo2.5Al2.0Co1,6,0.677,0.01,0.055,0.033,0,0,0,0,0.023,0.025,0.087,0.07,0,0.02,0,0,0,0,0,0,0,0,0,0,0
255,[46],Fe65.7C7.0Si3.3B5.5P8.7Cr2.3Mo2.5Al2.0Co3,5,0.657,0.03,0.055,0.033,0,0,0,0,0.023,0.025,0.087,0.07,0,0.02,0,0,0,0,0,0,0,0,0,0,0
256,[46],Fe63.7C7.0Si3.3B5.5P8.7Cr2.3Mo2.5Al2.0Co5,5,0.637,0.05,0.055,0.033,0,0,0,0,0.023,0.025,0.087,0.07,0,0.02,0,0,0,0,0,0,0,0,0,0,0
257,[46],Fe61.7C7.0Si3.3B5.5P8.7Cr2.3Mo2.5Al2.0Co7,4,0.617,0.07,0.055,0.033,0,0,0,0,0.023,0.025,0.087,0.07,0,0.02,0,0,0,0,0,0,0,0,0,0,0
258,[46],Fe58.7C7.0Si3.3B5.5P8.7Cr2.3Mo2.5Al2.0Co10,3,0.587,0.1,0.055,0.033,0,0,0,0,0.023,0.025,0.087,0.07,0,0.02,0,0,0,0,0,0,0,0,0,0,0
259,[47],(Fe73.2B22Y4.8)95Mo5,5,0.6954,0,0.209,0,0,0,0.0456,0,0,0.05,0,0,0,0,0,0,0,0,0,0,0,0,0,0,0
260,[47],(Fe70.7B24Y5.3)95Mo5,5,0.67165,0,0.228,0,0,0,0.05035,0,0,0.05,0,0,0,0,0,0,0,0,0,0,0,0,0,0,0
261,[12],Fe79C4Si3B4P10,1,0.79,0,0.04,0.03,0,0,0,0,0,0,0.1,0.04,0,0,0,0,0,0,0,0,0,0,0,0,0
262,[12],Fe75C4Si3B4P10Mo4,4,0.75,0,0.04,0.03,0,0,0,0,0,0.04,0.1,0.04,0,0,0,0,0,0,0,0,0,0,0,0,0
263,[7],Fe38.4Co9.6Cr15Mo14C15B6Tm2,16,0.384,0.096,0.06,0,0,0,0,0,0.15,0.14,0,0.15,0,0,0,0,0,0,0,0,0,0.02,0,0,0
264,[7], (Fe0.6Co0.4)48Cr15Mo14C15B6Tm2,16,0.288,0.192,0.06,0,0,0,0,0,0.15,0.14,0,0.15,0,0,0,0,0,0,0,0,0,0.02,0,0,0
265,[7],Fe49Mn10Mo13Cr3W3C15B7,2,0.49,0,0.07,0,0,0,0,0,0.03,0.13,0,0.15,0,0,0,0,0.1,0,0,0,0,0,,0.03,
266,[7],Fe49Cr15Mo14C15B6Er1,6,0.49,0,0.06,0,0,0,0,0,0.15,0.14,0,0.15,0,0,0,0.01,0,0,0,0,0,0,0,0,0
267,[7],Fe66.7C7.0Si3.3B5.5P8.7Cr2.3Al2.0Mo4.5,6,0.667,0,0.055,0.033,0,0,0,0,0.023,0.045,0.087,0.07,0,0.02,0,0,0,0,0,0,0,0,0,0,0
268,[7],Fe48Cr19Mo10C15B6Er2,5,0.48,0,0.06,0,0,0,0,0,0.19,0.1,0,0.15,0,0,0,0.02,0,0,0,0,0,0,0,0,0
269,[7],Fe70.3Ni3.7Mo6P10C7.5B2.5,5,0.703,0,0.025,0,0,0.037,0,0,0,0.06,0.1,0.075,0,0,0,0,0,0,0,0,0,0,0,0,0
270,[7],Fe69Ni5Mo6P10C7.5B2.5,5,0.69,0,0.025,0,0,0.05,0,0,0,0.06,0.1,0.075,0,0,0,0,0,0,0,0,0,0,0,0,0
271,[7],(Fe72B22Y6)98Ta2,4,0.7056,0,0.2156,0,0,0,0.0588,0,0,0,0,0,0,0,0,0,0,0,0,0,0,0,0,0,0.02
272,[7],Fe66.6Ni7.4Mo6P10C7.5B2.5,4,0.666,0,0.025,0,0,0.074,0,0,0,0.06,0.1,0.075,0,0,0,0,0,0,0,0,0,0,0,0,0
273,[7],Fe49Cr15Mo14C13B8Er1,4,0.49,0,0.08,0,0,0,0,0,0.15,0.14,0,0.13,0,0,0,0.01,0,0,0,0,0,0,0,0,0
274,[7],Fe52.65Co5.85Cr6Mo14C15B6Er0.5,4,0.5265,0.0585,0.06,0,0,0,0,0,0.06,0.14,0,0.15,0,0,0,0.005,0,0,0,0,0,0,0,0,0
275,[7],Fe49Cr15Mo14C17B4Er1,4,0.49,0,0.04,0,0,0,0,0,0.15,0.14,0,0.17,0,0,0,0.01,0,0,0,0,0,0,0,0,0
276,[7],Fe49Cr15Mo14C18B3Er1,4,0.49,0,0.03,0,0,0,0,0,0.15,0.14,0,0.18,0,0,0,0.01,0,0,0,0,0,0,0,0,0
277,[7],[(Fe0.6Ni0.4)0.75B0.2Si0.05]96Nb4,4,0.432,0,0.192,0.048,0.04,0.288,0,0,0,0,0,0,0,0,0,0,0,0,0,0,0,0,0,0,0
278,[7],(Fe0.5Co0.)72B20Si4Nb4,4,0.36,0.36,0.2,0.04,0.04,0,0,0,0,0,0,0,0,0,0,0,0,0,0,0,0,0,0,0,0
279,[7],Fe72B22Y4Nb2,4,0.72,0,0.22,0,0.02,0,0.04,0,0,0,0,0,0,0,0,0,0,0,0,0,0,0,0,0,0
280,[7],(Fe0.9Co0.1)64.25Mo14C15B6Er0.75,4,0.57825,0.06425,0.06,0,0,0,0,0,0,0.14,0,0.15,0,0,0,0.0075,0,0,0,0,0,0,0,0,0
281,[7],(Fe0.9Co0.1)64.5Mo14C15B6Er0.5,4,0.5805,0.0645,0.06,0,0,0,0,0,0,0.14,0,0.15,0,0,0,0.005,0,0,0,0,0,0,0,0,0
282,[7],Fe48Cr10Mo19C15B6Er2,4,0.48,0,0.06,0,0,0,0,0,0.1,0.19,0,0.15,0,0,0,0.02,0,0,0,0,0,0,0,0,0
283,[7],Fe50Mn10Mo14Cr4C16B6,4,0.5,0,0.06,0,0,0,0,0,0.04,0.14,0,0.16,0,0,0,0,0.1,0,0,0,0,0,0,0,0
284,[7],(Fe0.8Co0.2)64.5Mo14C15B6Er0.5,4,0.516,0.129,0.06,0,0,0,0,0,0,0.14,0,0.15,0,0,0,0.005,0,0,0,0,0,0,0,0,0
285,[7], (Fe72B22Y6)98Nb2,4,0.7056,0,0.2156,0,0.02,0,0.0588,0,0,0,0,0,0,0,0,0,0,0,0,0,0,0,0,0,0
286,[7],Fe49Mn10Mo14Cr4W1C16B6,4,0.49,0,0.06,0,0,0,0,0,0.04,0.14,0,0.16,0,0,0,0,0.1,0,0,0,0,0,0,0.01,0
287,[7],Fe51Mn10Mo14Cr4C15B6,4,0.51,0,0.06,0,0,0,0,0,0.04,0.14,0,0.15,0,0,0,0,0.1,0,0,0,0,0,0,0,0
288,[7],Fe64.7C7.0Si3.3B5.5P8.7Cr2.3Al2.0Mo6.5,4,0.647,0,0.055,0.033,0,0,0,0,0.023,0.065,0.087,0.07,0,0.02,0,0,0,0,0,0,0,0,0,0,0
289,[7],Fe72B22Y4Ta2,4,0.72,0,0.22,0,0,0,0.04,0,0,0,0,0,0,0,0,0,0,0,0,0,0,0,0,0,0.02
290,[7],Fe64Mo14C15B6Er1,3.5,0.64,0,0.06,0,0,0,0,0,0,0.14,0,0.15,0,0,0,0.01,0,0,0,0,0,0,0,0,0
291,[7],Fe51.2Co12.8Mo14C15B6Er1,3.5,0.512,0.128,0.06,0,0,0,0,0,0,0.14,0,0.15,0,0,0,0.01,0,0,0,0,0,0,0,0,0
292,[7],Fe57.6Co6.4Mo14C15B6Er1,3.5,0.576,0.064,0.06,0,0,0,0,0,0,0.14,0,0.15,0,0,0,0.01,0,0,0,0,0,0,0,0,0
293,[7],Fe51.8Co12.95Mo14C15B6Er0.25,3,0.518,0.1295,0.06,0,0,0,0,0,0,0.14,0,0.15,0,0,0,0.0025,0,0,0,0,0,0,0,0,0
294,[7],(Fe0.7Co0.3)64.5Mo14C15B6Er0.5,3,0.4515,0.1935,0.06,0,0,0,0,0,0,0.14,0,0.15,0,0,0,0.005,0,0,0,0,0,0,0,0,0
295,[7],(Fe0.7Co0.3)64Mo14C15B6Er1,3,0.448,0.192,0.06,0,0,0,0,0,0,0.14,0,0.15,0,0,0,0.01,0,0,0,0,0,0,0,0,0
296,[7],Fe54Mn10Mo14C15B7,3,0.54,0,0.07,0,0,0,0,0,0,0.14,0,0.15,0,0,0,0,0.1,0,0,0,0,0,0,0,0
297,[7],(Fe0.9Co0.1)58.5Cr6Mo14C18B3Er0.5,3,0.5265,0.0585,0.03,0,0,0,0,0,0.06,0.14,0,0.18,0,0,0,0.005,0,0,0,0,0,0,0,0,0
298,[7],(Fe0.9Co0.1)64.75Mo14C15B6Er0.25,3,0.58275,0.06475,0.06,0,0,0,0,0,0,0.14,0,0.15,0,0,0,0.0025,0,0,0,0,0,0,0,0,0
299,[7],Fe55Cr8Mo14C15B6Er2,4.5,0.55,0,0.06,0,0,0,0,0,0.08,0.14,0,0.15,0,0,0,0.02,0,0,0,0,0,0,0,0,0
300,[7],Fe60.5Cr4Mo14C15B6Er0.5,3,0.605,0,0.06,0,0,0,0,0,0.04,0.14,0,0.15,0,0,0,0.005,0,0,0,0,0,0,0,0,0
301,[7],Fe63.5Mo14C15B6Er1.5,3,0.635,0,0.06,0,0,0,0,0,0,0.14,0,0.15,0,0,0,0.015,0,0,0,0,0,0,0,0,0
302,[7],Fe64Mo14C15B6Dy1,3,0.64,0,0.06,0,0,0,0,0,0,0.14,0,0.15,0,0,0.01,0,0,0,0,0,0,0,0,0,0
303,[7],Fe63Mo14C15B6Dy2,3,0.63,0,0.06,0,0,0,0,0,0,0.14,0,0.15,0,0,0.02,0,0,0,0,0,0,0,0,0,0
304,[7],Fe50Mn10Mo14Cr4C15B7,3,0.5,0,0.07,0,0,0,0,0,0.04,0.14,0,0.15,0,0,0,0,0.1,0,0,0,0,0,0,0,0
305,[7],Fe48Mn10Mo16Cr4C15B7,3,0.48,0,0.07,0,0,0,0,0,0.04,0.16,0,0.15,0,0,0,0,0.1,0,0,0,0,0,0,0,0
306,[7],Fe49Mn10Mo14Cr4W1C15B7,3,0.49,0,0.07,0,0,0,0,0,0.04,0.14,0,0.15,0,0,0,0,0.1,0,0,0,0,0,0,0.01,0
307,[7],Fe72B22Y4Hf2,3,0.72,0,0.22,0,0,0,0.04,0,0,0,0,0,0.02,0,0,0,0,0,0,0,0,0,0,0,0
308,[7],Fe49Mn10Mo14Cr4V1C15B7,3,0.49,0,0.07,0,0,0,0,0,0.04,0.14,0,0.15,0,0,0,0,0.1,0,0.01,0,0,0,0,0,0
309,[7],Fe49Cr15Mo14C19B2Er1,3,0.49,0,0.02,0,0,0,0,0,0.15,0.14,0,0.19,0,0,0,0.01,0,0,0,0,0,0,0,0,0
310,[7],Fe72B22Y4Ti2,3,0.72,0,0.22,0,0,0,0.04,0,0,0,0,0,0,0,0,0,0,0.02,0,0,0,0,0,0,0
311,[7],Fe71.2C7.0Si3.3B5.5P8.7Cr2.3Al2.0,3,0.712,0,0.055,0.033,0,0,0,0,0.023,0,0.087,0.07,0,0.02,0,0,0,0,0,0,0,0,0,0,0
312,[7],Fe56Co7Ni7Zr6Nb2.5Mo1.5B20,3,0.56,0.07,0.2,0,0.025,0.07,0,0.06,0,0.015,0,0,0,0,0,0,0,0,0,0,0,0,0,0,0
313,[7],Fe56Co7Ni7Zr6Nb2.5Ti1.5B20,3,0.56,0.07,0.2,0,0.025,0.07,0,0.06,0,0,0,0,0,0,0,0,0,0.015,0,0,0,0,0,0,0
314,[7],Fe56Co7Ni7Zr6Nb2.5Ta1.5B20,3,0.56,0.07,0.2,0,0.025,0.07,0,0.06,0,0,0,0,0,0,0,0,0,0,0,0,0,0,0,0,0.015
315,[7],Fe56Co7Ni7Zr7.5Nb2.5B20,3,0.56,0.07,0.2,0,0.025,0.07,0,0.075,0,0,0,0,0,0,0,0,0,0,0,0,0,0,0,0,0
316,[7],Fe62.9Ni11.1Mo6P10C7.5B2.5,3,0.629,0,0.025,0,0,0.111,0,0,0,0.06,0.1,0.075,0,0,0,0,0,0,0,0,0,0,0,0,0
317,[7],Fe74Mo6P10C7.5B2.5,3,0.74,0,0.025,0,0,0,0,0,0,0.06,0.1,0.075,0,0,0,0,0,0,0,0,0,0,0,0,0
318,[7],Fe70Cr6Mo2Ga2P10C4B4Si2,3,0.7,0,0.04,0.02,0,0,0,0,0.06,0.02,0.1,0.04,0,0,0,0,0,0,0,0,0.02,0,0,0,0
319,[7],Fe65Cr2Mo9P10C8B6,2.5,0.65,0,0.06,0,0,0,0,0,0.02,0.09,0.1,0.08,0,0,0,0,0,0,0,0,0,0,0,0,0
320,[7],Fe63Cr3Mo12P10C7B5,2.5,0.63,0,0.05,0,0,0,0,0,0.03,0.12,0.1,0.07,0,0,0,0,0,0,0,0,0,0,0,0,0
321,[7],Fe45.325Co19.425Mo14C15B6Er0.25,2.5,0.45325,0.19425,0.06,0,0,0,0,0,0,0.14,0,0.15,0,0,0,0.0025,0,0,0,0,0,0,0,0,0
322,[7],Fe64Cr3Mo10P10C10B3,2.5,0.64,0,0.03,0,0,0,0,0,0.03,0.1,0.1,0.1,0,0,0,0,0,0,0,0,0,0,0,0,0
323,[7],Fe77Ga3P9.5C4B4Si2.5,2.5,0.77,0,0.04,0.025,0,0,0,0,0,0,0.095,0.04,0,0,0,0,0,0,0,0,0.03,0,0,0,0
324,[7],Fe66Mo10P12C10B2,2.5,0.66,0,0.02,0,0,0,0,0,0,0.1,0.12,0.1,0,0,0,0,0,0,0,0,0,0,0,0,0
325,[7],Fe64.5Mo14C15B6Er0.5,2.5,0.645,0,0.06,0,0,0,0,0,0,0.14,0,0.15,0,0,0,0.005,0,0,0,0,0,0,0,0,0
326,[7],Fe76Si9.6B8.4P6,2.5,0.76,0,0.084,0.096,0,0,0,0,0,0,0.06,0,0,0,0,0,0,0,0,0,0,0,0,0,0
327,[7],Fe69Mo7P12C10B2,2.5,0.69,0,0.02,0,0,0,0,0,0,0.07,0.12,0.1,0,0,0,0,0,0,0,0,0,0,0,0,0
328,[7],Fe64Mo14C15B7,2.5,0.64,0,0.07,0,0,0,0,0,0,0.14,0,0.15,0,0,0,0,0,0,0,0,0,0,0,0,0
329,[7],Fe72Cr4Mo2Ga2P10C4B4Si2,2.5,0.72,0,0.04,0.02,0,0,0,0,0.04,0.02,0.1,0.04,0,0,0,0,0,0,0,0,0.02,0,0,0,0
330,[7],Fe74Cr2Mo2Ga2P10C4B4Si2,2.5,0.74,0,0.04,0.02,0,0,0,0,0.02,0.02,0.1,0.04,0,0,0,0,0,0,0,0,0.02,0,0,0,0
331,[7],Fe63Cr3Mo10P12C10B2,2.5,0.63,0,0.02,0,0,0,0,0,0.03,0.1,0.12,0.1,0,0,0,0,0,0,0,0,0,0,0,0,0
332,[7], (Fe72B22Y6)98Ti2,2,0.7056,0,0.2156,0,0,0,0.0588,0,0,0,0,0,0,0,0,0,0,0.02,0,0,0,0,0,0,0
333,[7],Fe52.5Cr7.5Mo15C15B10,2,0.525,0,0.1,0,0,0,0,0,0.075,0.15,0,0.15,0,0,0,0,0,0,0,0,0,0,0,0,0
334,[7],Fe42Cr16Mo16C18B5Y3,2,0.42,0,0.05,0,0,0,0.03,0,0.16,0.16,0,0.18,0,0,0,0,0,0,0,0,0,0,0,0,0
335,[7],Fe64.75Mo14C15B6Er0.25,2,0.6475,0,0.06,0,0,0,0,0,0,0.14,0,0.15,0,0,0,0.0025,0,0,0,0,0,0,0,0,0
336,[7],(Fe0.8Co0.2)65Mo14C15B6,2,0.52,0.13,0.06,0,0,0,0,0,0,0.14,0,0.15,0,0,0,0,0,0,0,0,0,0,0,0,0
337,[7],Fe78Ga2P9.5C4B4Si2.5,2,0.78,0,0.04,0.025,0,0,0,0,0,0,0.095,0.04,0,0,0,0,0,0,0,0,0.02,0,0,0,0
338,[7],Fe64.5Mo14C15B6Dy0.5,2,0.645,0,0.06,0,0,0,0,0,0,0.14,0,0.15,0,0,0.005,0,0,0,0,0,0,0,0,0,0
339,[7],Fe58.3875Co6.4875Mo14C15B6Er0.125,2,0.58388,0.06488,0.06,0,0,0,0,0,0,0.14,0,0.15,0,0,0,0.00125,0,0,0,0,0,0,0,0,0
340,[7],Fe70Si4B20Nb6,2,0.7,0,0.2,0.04,0.06,0,0,0,0,0,0,0,0,0,0,0,0,0,0,0,0,0,0,0,0
341,[7],Fe71Nb4.8Zr1.2B23,2,0.71,0,0.23,0,0.048,0,0,0.012,0,0,0,0,0,0,0,0,0,0,0,0,0,0,0,0,0
342,[7],Fe65Co10Ga5P12C4B4,2,0.65,0.1,0.04,0,0,0,0,0,0,0,0.12,0.04,0,0,0,0,0,0,0,0,0.05,0,0,0,0
343,[7],(Fe0.9Co0.1)58.5Cr6Mo14C19B2Er0.5,2,0.5265,0.0585,0.02,0,0,0,0,0,0.06,0.14,0,0.19,0,0,0,0.005,0,0,0,0,0,0,0,0,0
344,[7],Fe61Cr4Mo14C15B6,2,0.61,0,0.06,0,0,0,0,0,0.04,0.14,0,0.15,0,0,0,0,0,0,0,0,0,0,0,0,0
345,[7],Fe46Mn10Mo16Cr4Ga2C15B7,2,0.46,0,0.07,0,0,0,0,0,0.04,0.16,0,0.15,0,0,0,0,0.1,0,0,0,0.02,0,0,0,0
346,[7],Fe43Cr16Mo16C18B5Y2,6,0.43,0,0.05,0,0,0,0.02,0,0.16,0.16,0,0.18,0,0,0,0,0,0,0,0,0,0,0,0,0
347,[7],[(Fe0.8Ni0.2)0.75B0.2Si0.05]96Nb4,2,0.576,0,0.192,0.048,0.04,0.144,0,0,0,0,0,0,0,0,0,0,0,0,0,0,0,0,0,0,0
348,[7],Fe48Mn10Mo13Cr4W3C15B7,2,0.48,0,0.07,0,0,0,0,0,0.04,0.13,0,0.15,0,0,0,0,0.1,0,0,0,0,0,0,0.03,0
349,[7],Fe72Al5Ga2P10C6B4Si1,2,0.72,0,0.04,0.01,0,0,0,0,0,0,0.1,0.06,0,0.05,0,0,0,0,0,0,0.02,0,0,0,0
350,[7],Fe44Cr16Mo16C18B5Y1,2,0.44,0,0.05,0,0,0,0.01,0,0.16,0.16,0,0.18,0,0,0,0,0,0,0,0,0,0,0,0,0
351,[7],(Fe0.9Co0.1)63Mo14C15B6Er2,1.5,0.567,0.063,0.06,0,0,0,0,0,0,0.14,0,0.15,0,0,0,0.02,0,0,0,0,0,0,0,0,0
352,[7],Fe61Co7Zr9.5Mo5W2B15.5,1.5,0.61,0.07,0.155,0,0,0,0,0.095,0,0.05,0,0,0,0,0,0,0,0,0,0,0,0,0,0.02,0
353,[7],Fe44.55Co19.5Mo14C15B6,1.5,0.455,0.195,0.06,0,0,0,0,0,0,0.14,0,0.15,0,0,0,0,0,0,0,0,0,0,0,0,0
354,[7],Fe59Cr6Mo14C15B6,1.5,0.59,0,0.06,0,0,0,0,0,0.06,0.14,0,0.15,0,0,0,0,0,0,0,0,0,0,0,0,0
355,[7],Fe62.8Co10B13.5Si10Nb3Cu0.7,1.5,0.628,0.1,0.135,0.1,0.03,0,0,0,0,0,0,0,0,0,0,0,0,0,0,0.007,0,0,0,0,0
356,[7],Fe72Nb3.6Zr2.4B22,1.5,0.72,0,0.22,0,0.036,0,0,0.024,0,0,0,0,0,0,0,0,0,0,0,0,0,0,0,0,0
357,[7],Fe60Co8Zr10Mo5W2B15,1.5,0.6,0.08,0.15,0,0,0,0,0.1,0,0.05,0,0,0,0,0,0,0,0,0,0,0,0,0,0.02,0
358,[7],Fe42Cr16Mo16C18B8,1.2,0.42,0,0.08,0,0,0,0,0,0.16,0.16,0,0.18,0,0,0,0,0,0,0,0,0,0,0,0,0
359,[7],Fe46Cr16Mo16C18B4,1.2,0.46,0,0.04,0,0,0,0,0,0.16,0.16,0,0.18,0,0,0,0,0,0,0,0,0,0,0,0,0
360,[7],Fe30Co30Ni15Si8B17,1.2,0.3,0.3,0.17,0.08,0,0.15,0,0,0,0,0,0,0,0,0,0,0,0,0,0,0,0,0,0,0
361,[7],Fe44Cr16Mo16C18B6,1.2,0.44,0,0.06,0,0,0,0,0,0.16,0.16,0,0.18,0,0,0,0,0,0,0,0,0,0,0,0,0
362,[7],Fe30Cr30Mo15C15B10,1,0.3,0,0.1,0,0,0,0,0,0.3,0.15,0,0.15,0,0,0,0,0,0,0,0,0,0,0,0,0
363,[7],Fe37.5Cr15Mo22.5C15B10,1,0.375,0,0.1,0,0,0,0,0,0.15,0.225,0,0.15,0,0,0,0,0,0,0,0,0,0,0,0,0
364,[7],Fe61Co10Zr5W4B20,1,0.61,0.1,0.2,0,0,0,0,0.05,0,0,0,0,0,0,0,0,0,0,0,0,0,0,0,0.04,0
365,[7],Fe60Mo15C15B10,1,0.6,0,0.1,0,0,0,0,0,0,0.15,0,0.15,0,0,0,0,0,0,0,0,0,0,0,0,0
366,[7],Fe75Ga5P12C4B4,1,0.75,0,0.04,0,0,0,0,0,0,0,0.12,0.04,0,0,0,0,0,0,0,0,0.05,0,0,0,0
367,[7],Fe37.5Cr22.5Mo15C15B10,1,0.375,0,0.1,0,0,0,0,0,0.225,0.15,0,0.15,0,0,0,0,0,0,0,0,0,0,0,0,0
368,[7],Fe67Co7Zr6B20,1,0.67,0.07,0.2,0,0,0,0,0.06,0,0,0,0,0,0,0,0,0,0,0,0,0,0,0,0,0
369,[7],Fe45Cr15Mo15C15B10,2.5,0.45,0,0.1,0,0,0,0,0,0.15,0.15,0,0.15,0,0,0,0,0,0,0,0,0,0,0,0,0
370,[48],(Fe1/3Co1/3Ni1/3)80(P1/2B1/2)20,2,0.26667,0.26667,0.1,0,0,0.26667,0,0,0,0,0.1,0,0,0,0,0,0,0,0,0,0,0,0,0,0
371,[49],Fe70Er1Nb6B23,1.5,0.7,0,0.23,0,0.06,0,0,0,0,0,0,0,0,0,0,0.01,0,0,0,0,0,0,0,0,0
372,[49],Fe68Er3Nb6B23,2.5,0.68,0,0.23,0,0.06,0,0,0,0,0,0,0,0,0,0,0.03,0,0,0,0,0,0,0,0,0
373,[49],Fe66Er5Nb6B23,4,0.66,0,0.23,0,0.06,0,0,0,0,0,0,0,0,0,0,0.05,0,0,0,0,0,0,0,0,0
374,[49],Fe64Er7Nb6B23,2,0.64,0,0.23,0,0.06,0,0,0,0,0,0,0,0,0,0,0.07,0,0,0,0,0,0,0,0,0
375,[50],(Fe0.76Si0.09B0.1P0.05)99.1Nb0.2Cu0.7,1,0.75316,0,0.0991,0.08919,0.002,0,0,0,0,0,0.04955,0,0,0,0,0,0,0,0,0.007,0,0,0,0,0
376,[50],(Fe0.76Si0.09B0.1P0.05)98.8Nb0.5Cu,1.5,0.75088,0,0.0988,0.08892,0.005,0,0,0,0,0,0.0494,0,0,0,0,0,0,0,0,0.007,0,0,0,0,0
377,[50],(Fe0.76Si0.09B0.1P0.05)98.5Nb0.8Cu,2,0.7486,0,0.0985,0.08865,0.008,0,0,0,0,0,0.04925,0,0,0,0,0,0,0,0,0.007,0,0,0,0,0
378,[50],(Fe0.76Si0.09B0.1P0.05)98.3Nb1Cu,2.5,0.74708,0,0.0983,0.08847,0.01,0,0,0,0,0,0.04915,0,0,0,0,0,0,0,0,0.007,0,0,0,0,0
379,[50],(Fe0.76Si0.09B0.1P0.05)98.1Nb1.2Cu,2,0.74556,0,0.0981,0.08829,0.012,0,0,0,0,0,0.04905,0,0,0,0,0,0,0,0,0.007,0,0,0,0,0
380,[50],(Fe0.76Si0.09B0.1P0.05)97.8Nb1.5Cu,2,0.74328,0,0.0978,0.08802,0.015,0,0,0,0,0,0.0489,0,0,0,0,0,0,0,0,0.007,0,0,0,0,0
381,[51],Fe72.5B15.6Si7.8Nb1.7Zr1.7Cu0.7,2.5,0.725,0,0.156,0.078,0.017,0,0,0.017,0,0,0,0,0,0,0,0,0,0,0,0.007,0,0,0,0,0
382,[52],Fe66Dy5Nb6B2,2,0.66,0,0.23,0,0.06,0,0,0,0,0,0,0,0,0,0.05,0,0,0,0,0,0,0,0,0,0
383,[52],Fe66Tm5Nb6B23,4.5,0.66,0,0.23,0,0.06,0,0,0,0,0,0,0,0,0,0,0,0,0,0,0,0,0.05,0,0,0
384,[53],Fe77B18Ti1Zr4,1,0.77,0,0.18,0,0,0,0,0.04,0,0,0,0,0,0,0,0,0,0.01,0,0,0,0,0,0,0
385,[53],Fe77B18Ti1.5Zr3.5,1,0.77,0,0.18,0,0,0,0,0.035,0,0,0,0,0,0,0,0,0,0.015,0,0,0,0,0,0,0
386,[53],Fe77B18Ti2Zr3,1,0.77,0,0.18,0,0,0,0,0.03,0,0,0,0,0,0,0,0,0,0.02,0,0,0,0,0,0,0
387,[53],Fe77B18T2.51Zr2.5,1,0.77,0,0.18,0,0,0,0,0.025,0,0,0,0,0,0,0,0,0,0.025,0,0,0,0,0,0,0
388,[53],Fe77B18Ti3Zr2,1.5,0.77,0,0.18,0,0,0,0,0.02,0,0,0,0,0,0,0,0,0,0.03,0,0,0,0,0,0,0
389,[53],Fe77B18Ti3.5Zr1.5,1,0.77,0,0.18,0,0,0,0,0.015,0,0,0,0,0,0,0,0,0,0.035,0,0,0,0,0,0,0
390,[53],Fe77B18Ti4Zr1,1,0.77,0,0.18,0,0,0,0,0.01,0,0,0,0,0,0,0,0,0,0.04,0,0,0,0,0,0,0
391,[54],Fe25Co25Ni25(P0.4C0.3B0.2Si0.1)25,1,0.25,0.25,0.05,0.025,0,0.25,0,0,0,0,0.1,0.075,0,0,0,0,0,0,0,0,0,0,0,0,0
392,[54],Fe25Co25Ni25(P0.4C0.2B0.2Si0.2)25,2,0.25,0.25,0.05,0.05,0,0.25,0,0,0,0,0.1,0.05,0,0,0,0,0,0,0,0,0,0,0,0,0
393,[54],Fe25Co25Ni25(P0.5C0.1B0.2Si0.2)25,2,0.25,0.25,0.05,0.05,0,0.25,0,0,0,0,0.125,0.025,0,0,0,0,0,0,0,0,0,0,0,0,0
394,[54],Fe25Co25Ni25(P0.3C0.2B0.3Si0.2)25,1,0.25,0.25,0.075,0.05,0,0.25,0,0,0,0,0.075,0.05,0,0,0,0,0,0,0,0,0,0,0,0,0
395,[54],Fe25Co25Ni25(P0.4C0.1B0.3Si0.2)25,1.5,0.25,0.25,0.075,0.05,0,0.25,0,0,0,0,0.1,0.025,0,0,0,0,0,0,0,0,0,0,0,0,0
396,[54],Fe25Co25Ni25(P0.4C0.1B0.2Si0.3)25,1,0.25,0.25,0.05,0.075,0,0.25,0,0,0,0,0.1,0.025,0,0,0,0,0,0,0,0,0,0,0,0,0
397,[55],Fe78B14.2Si2.75P2.75Nb2.3,0.25,0.78,0,0.142,0.0275,0.023,0,0,0,0,0,0.0275,0,0,0,0,0,0,0,0,0,0,0,0,0,0
398,[55],Fe70.2Ni7.8B14.2Si2.75P2.75Nb2.3,1,0.702,0,0.142,0.0275,0.023,0.078,0,0,0,0,0.0275,0,0,0,0,0,0,0,0,0,0,0,0,0,0
399,[55],Fe62.4Ni15.6B14.2Si2.75P2.75Nb2.3,1,0.624,0,0.142,0.0275,0.023,0.156,0,0,0,0,0.0275,0,0,0,0,0,0,0,0,0,0,0,0,0,0
400,[55],Fe54.6Ni23.4B14.2Si2.75P2.75Nb2.3,1.5,0.546,0,0.142,0.0275,0.023,0.234,0,0,0,0,0.0275,0,0,0,0,0,0,0,0,0,0,0,0,0,0
401,[55],Fe46.5Ni31.2B14.2Si2.75P2.75Nb2.3,2,0.468,0,0.142,0.0275,0.023,0.312,0,0,0,0,0.0275,0,0,0,0,0,0,0,0,0,0,0,0,0,0
402,[56],(Co0.9Fe0.1)68B21.9Si5.1Nb5,3.5,0.068,0.612,0.219,0.051,0.05,0,0,0,0,0,0,0,0,0,0,0,0,0,0,0,0,0,0,0,0
403,[56],(Co0.8Fe0.2)68B21.9Si5.1Nb5,4,0.136,0.544,0.219,0.051,0.05,0,0,0,0,0,0,0,0,0,0,0,0,0,0,0,0,0,0,0,0
404,[56],(Co0.7Fe0.3)68B21.9Si5.1Nb5,5.5,0.204,0.476,0.219,0.051,0.05,0,0,0,0,0,0,0,0,0,0,0,0,0,0,0,0,0,0,0,0
405,[56],(Co0.6Fe0.4)68B21.9Si5.1Nb5,5,0.272,0.408,0.219,0.051,0.05,0,0,0,0,0,0,0,0,0,0,0,0,0,0,0,0,0,0,0,0
406,[56],(Co0.5Fe0.5)68B21.9Si5.1Nb5,4,0.34,0.34,0.219,0.051,0.05,0,0,0,0,0,0,0,0,0,0,0,0,0,0,0,0,0,0,0,0
407,[57],Fe35Ni20Cr20Mo5(P0.6C0.2B0.2)20,2,0.35,0,0.04,0,0,0.2,0,0,0.2,0.05,0.12,0.04,0,0,0,0,0,0,0,0,0,0,0,0,0
408,[57],Fe30Ni20Cr25Mo5(P0.6C0.2B0.2)20,1.5,0.3,0,0.04,0,0,0.2,0,0,0.25,0.05,0.12,0.04,0,0,0,0,0,0,0,0,0,0,0,0,0
409,[57],Fe25Ni20Cr30Mo5(P0.6C0.2B0.2)20,1,0.25,0,0.04,0,0,0.2,0,0,0.3,0.05,0.12,0.04,0,0,0,0,0,0,0,0,0,0,0,0,0
410,[57],Fe25Ni20Cr25Mo10(P0.6C0.2B0.2)20,1,0.25,0,0.04,0,0,0.2,0,0,0.25,0.1,0.12,0.04,0,0,0,0,0,0,0,0,0,0,0,0,0
411,[57],Fe20Ni20Cr25Mo15(P0.6C0.2B0.2)20,1,0.2,0,0.04,0,0,0.2,0,0,0.25,0.15,0.12,0.04,0,0,0,0,0,0,0,0,0,0,0,0,0
412,[57],Fe62Ni8Cr7Mo3(P0.6C0.2B0.2)20,2,0.62,0,0.04,0,0,0.08,0,0,0.07,0.03,0.12,0.04,0,0,0,0,0,0,0,0,0,0,0,0,0
413,[58],Fe47Cr20Mo10C15B6Y2,5,0.47,0,0.06,0,0,0,0.02,0,0.2,0.1,0,0.15,0,0,0,0,0,0,0,0,0,0,0,0,0
414,[58],Fe45Cr20Mo10W2C15B6Y2,6,0.45,0,0.06,0,0,0,0.02,0,0.2,0.1,0,0.15,0,0,0,0,0,0,0,0,0,0,0,0.02,0
415,[58],Fe43Cr20Mo10W4C15B6Y2,8,0.43,0,0.06,0,0,0,0.02,0,0.2,0.1,0,0.15,0,0,0,0,0,0,0,0,0,0,0,0.04,0
416,[58],Fe41Cr20Mo10W6C15B6Y2,6,0.41,0,0.06,0,0,0,0.02,0,0.2,0.1,0,0.15,0,0,0,0,0,0,0,0,0,0,0,0.06,0
417,[59],Fe71.7B16.7Si8.3Zr3.3,2.5,0.717,0,0.167,0.083,0,0,0,0.033,0,0,0,0,0,0,0,0,0,0,0,0,0,0,0,0,0
418,[59],Fe71.4B16.7Si8.3Zr3.3Cu0.3,2,0.714,0,0.167,0.083,0,0,0,0.033,0,0,0,0,0,0,0,0,0,0,0,0.003,0,0,0,0,0
419,[59],Fe71B16.7Si8.3Zr3.3Cu0.7,2,0.71,0,0.167,0.083,0,0,0,0.033,0,0,0,0,0,0,0,0,0,0,0,0.007,0,0,0,0,0
420,[59],Fe70.7B16.7Si8.3Zr3.3Cu1,1.5,0.707,0,0.167,0.083,0,0,0,0.033,0,0,0,0,0,0,0,0,0,0,0,0.01,0,0,0,0,0
421,[59],Fe72.5B16.7Si8.3Hf2.5,2.5,0.725,0,0.167,0.083,0,0,0,0,0,0,0,0,0.025,0,0,0,0,0,0,0,0,0,0,0,0
422,[59],Fe72.2B16.7Si8.3Hf2.5Cu0.3,2,0.722,0,0.167,0.083,0,0,0,0,0,0,0,0,0.025,0,0,0,0,0,0,0.003,0,0,0,0,0
423,[59],Fe71.8B16.7Si8.3Hf2.5Cu0.7,1.5,0.718,0,0.167,0.083,0,0,0,0,0,0,0,0,0.025,0,0,0,0,0,0,0.007,0,0,0,0,0
424,[59],Fe71.5B16.7Si8.3Hf2.5Cu1,1,0.715,0,0.167,0.083,0,0,0,0,0,0,0,0,0.025,0,0,0,0,0,0,0.01,0,0,0,0,0
425,[60],Fe39Ni39B15.57Si2.75Nb2.3P1.38,1.5,0.39,0,0.1557,0.0275,0.023,0.39,0,0,0,0,0.0138,0,0,0,0,0,0,0,0,0,0,0,0,0,0
426,[60],Fe39Ni39B14.2Si2.75Nb2.3P2.75,2,0.39,0,0.142,0.0275,0.023,0.39,0,0,0,0,0.0275,0,0,0,0,0,0,0,0,0,0,0,0,0,0
427,[60],Fe39Ni39B12.82Si2.75Nb2.3P4.13,2.5,0.39,0,0.1282,0.0275,0.023,0.39,0,0,0,0,0.0413,0,0,0,0,0,0,0,0,0,0,0,0,0,0
428,[60],Fe39Ni39B11.45Si2.75Nb2.3P5.5,2,0.39,0,0.1145,0.0275,0.023,0.39,0,0,0,0,0.055,0,0,0,0,0,0,0,0,0,0,0,0,0,0
429,[60],Fe39Ni39B10.07Si2.75Nb2.3P6.88,1.5,0.39,0,0.1007,0.0275,0.023,0.39,0,0,0,0,0.0688,0,0,0,0,0,0,0,0,0,0,0,0,0,0
430,[60],Fe39Ni39B8.7Si2.75Nb2.3P8.25,1,0.39,0,0.087,0.0275,0.023,0.39,0,0,0,0,0.0825,0,0,0,0,0,0,0,0,0,0,0,0,0,0
431,[61],(Fe0.76Si0.096B0.084P0.06)99.7Cu0.3,2,0.75772,0,0.08375,0.09571,0,0,0,0,0,0,0.05982,0,0,0,0,0,0,0,0,0.003,0,0,0,0,0
432,[61],(Fe0.76Si0.096B0.084P0.06)99.5Cu0.5,1.5,0.7562,0,0.08358,0.09552,0,0,0,0,0,0,0.0597,0,0,0,0,0,0,0,0,0.005,0,0,0,0,0
433,[61],(Fe0.76Si0.096B0.084P0.06)99.4Cu0.6,1.5,0.75544,0,0.0835,0.09542,0,0,0,0,0,0,0.05964,0,0,0,0,0,0,0,0,0.006,0,0,0,0,0
434,[62],Fe53Mn10Cr4Mo12C15B6,3,0.53,0,0.06,0,0,0,0,0,0.04,0.12,0,0.15,0,0,0,0,0,0.1,0,0,0,0,0,0,0
435,[62],Fe50Mn10Cr4Mo14Y1C15B6,5,0.5,0,0.06,0,0,0,0.01,0,0.04,0.14,0,0.15,0,0,0,0,0,0.1,0,0,0,0,0,0,0
436,[62],Fe51Mn10Cr4Mo12Y2C15B6,6.5,0.51,0,0.06,0,0,0,0.02,0,0.04,0.12,0,0.15,0,0,0,0,0,0.1,0,0,0,0,0,0,0
437,[62],Fe52Mn10Cr4Mo12Er1C15B6,5,0.52,0,0.06,0,0,0,0,0,0.04,0.12,0,0.15,0,0,0,0.01,0,0.1,0,0,0,0,0,0,0
438,[62],Fe51Mn10Cr4Mo12Er2C15B6,7,0.51,0,0.06,0,0,0,0,0,0.04,0.12,0,0.15,0,0,0,0.02,0,0.1,0,0,0,0,0,0,0
439,[62],Fe49Mn10Cr4Mo14Er2C15B6,5,0.49,0,0.06,0,0,0,0,0,0.04,0.14,0,0.15,0,0,0,0.02,0,0.1,0,0,0,0,0,0,0
440,[62],Fe50Mn10Cr4Mo12Er3C15B6,6,0.5,0,0.06,0,0,0,0,0,0.04,0.12,0,0.15,0,0,0,0.03,0,0.1,0,0,0,0,0,0,0
441,[62],Fe51Mn10Cr4Mo12Dy2C15B6,6.5,0.51,0,0.06,0,0,0,0,0,0.04,0.12,0,0.15,0,0,0.02,0,0,0.1,0,0,0,0,0,0,0
442,[63],Fe48Cr15Mo14C15B6Tm2,12,0.48,0,0.06,0,0,0,0,0,0.15,0.14,0,0.15,0,0,0,0,0,0,0,0,0,0.02,0,0,0
443,[63],(Fe0.4Co0.6)48Cr15Mo14C15B6Tm2,10,0.192,0.288,0.06,0,0,0,0,0,0.15,0.14,0,0.15,0,0,0,0,0,0,0,0,0,0.02,0,0,0
444,[63],(Fe0.2Co0.8)48Cr15Mo14C15B6Tm2,12,0.096,0.384,0.06,0,0,0,0,0,0.15,0.14,0,0.15,0,0,0,0,0,0,0,0,0,0.02,0,0,0
445,[64],(Fe0.8Co0.2)47Cr15Mo14C15B6Tm3,18,0.376,0.094,0.06,0,0,0,0,0,0.15,0.14,0,0.15,0,0,0,0,0,0,0,0,0,0.03,0,0,0
446,[65],Fe48Cr15Mo14C6B15Tm2,1.5,0.48,0,0.15,0,0,0,0,0,0.15,0.14,0,0.06,0,0,0,0,0,0,0,0,0,0.02,0,0,0
447,[66],Fe60Cr10Mo9C10B6Er2Ni3,8,0.6,0,0.06,0,0,0.03,0,0,0.1,0.09,0,0.1,0,0,0,0.02,0,0,0,0,0,0,0,0,0
448,[66],Fe60Cr10Mo9C13B6Er2,8,0.6,0,0.06,0,0,0,0,0,0.1,0.09,0,0.13,0,0,0,0.02,0,0,0,0,0,0,0,0,0
449,[66],Fe64Cr10Mo9C15Er2,5,0.64,0,0,0,0,0,0,0,0.1,0.09,0,0.15,0,0,0,0.02,0,0,0,0,0,0,0,0,0
450,[66],Fe65Cr9Mo8C10B6Er2,5,0.65,0,0.06,0,0,0,0,0,0.09,0.08,0,0.1,0,0,0,0.02,0,0,0,0,0,0,0,0,0
451,[66],(Fe60Cr10Mo9C13B6Er2)98Al2,8,0.588,0,0.0588,0,0,0,0,0,0.098,0.0882,0,0.1274,0,0.02,0,0.0196,0,0,0,0,0,0,0,0,0
452,[66],(Fe60Cr10Mo9C13B6Er2)98Ni2,8,0.588,0,0.0588,0,0,0.02,0,0,0.098,0.0882,0,0.1274,0,0,0,0.0196,0,0,0,0,0,0,0,0,0
453,[66],(Fe60Cr10Mo9C13B6Er2)98Nb2,5,0.588,0,0.0588,0,0.02,0,0,0,0.098,0.0882,0,0.1274,0,0,0,0.0196,0,0,0,0,0,0,0,0,0
454,[67],Fe71W1Y6B22,3,0.71,0,0.22,0,0,0,0.06,0,0,0,0,0,0,0,0,0,0,0,0,0,0,0,0,0.01,0
455,[67],Fe70W2Y6B22,3,0.7,0,0.22,0,0,0,0.06,0,0,0,0,0,0,0,0,0,0,0,0,0,0,0,0,0.02,0
456,[67],Fe69W3Y6B22,4,0.69,0,0.22,0,0,0,0.06,0,0,0,0,0,0,0,0,0,0,0,0,0,0,0,0,0.03,0
457,[67],Fe68W4Y6B22,4,0.68,0,0.22,0,0,0,0.06,0,0,0,0,0,0,0,0,0,0,0,0,0,0,0,0,0.04,0
458,[67],Fe67W5Y6B22,3,0.67,0,0.22,0,0,0,0.06,0,0,0,0,0,0,0,0,0,0,0,0,0,0,0,0,0.05,0
459,[67],Fe66W6Y6B22,2,0.66,0,0.22,0,0,0,0.06,0,0,0,0,0,0,0,0,0,0,0,0,0,0,0,0,0.06,0
460,[68],Fe73Nb4Hf3B20,2,0.73,0,0.2,0,0.04,0,0,0,0,0,0,0,0.03,0,0,0,0,0,0,0,0,0,0,0,0
461,[68],Fe72Nb4Hf3Y1B20,3,0.72,0,0.2,0,0.04,0,0.01,0,0,0,0,0,0.03,0,0,0,0,0,0,0,0,0,0,0,0
462,[68],Fe71Nb4Hf3Y2B20,4,0.71,0,0.2,0,0.04,0,0.02,0,0,0,0,0,0.03,0,0,0,0,0,0,0,0,0,0,0,0
463,[68],Fe70Nb4Hf3Y3B20,3.5,0.7,0,0.2,0,0.04,0,0.03,0,0,0,0,0,0.03,0,0,0,0,0,0,0,0,0,0,0,0
464,[69],(Fe0.7Co0.3)71Nb4Hf3Y2B20,6,0.497,0.213,0.2,0,0.04,0,0.02,0,0,0,0,0,0.03,0,0,0,0,0,0,0,0,0,0,0,0
465,[69],(Fe0.6Co0.4)71Nb4Hf1Y4B20,7,0.426,0.284,0.2,0,0.04,0,0.04,0,0,0,0,0,0.01,0,0,0,0,0,0,0,0,0,0,0,0
466,[70],Fe68Dy6B22Nb4,3,0.68,0,0.22,0,0.04,0,0,0,0,0,0,0,0,0,0.06,0,0,0,0,0,0,0,0,0,0
467,[70],(Fe0.9Co0.1)68Dy6B22Nb4,4,0.612,0.068,0.22,0,0.04,0,0,0,0,0,0,0,0,0,0.06,0,0,0,0,0,0,0,0,0,0
468,[70],(Fe0.8Co0.2)68Dy6B22Nb4,4,0.544,0.136,0.22,0,0.04,0,0,0,0,0,0,0,0,0,0.06,0,0,0,0,0,0,0,0,0,0
469,[70],(Fe0.7Co0.3)68Dy6B22Nb4,3,0.476,0.204,0.22,0,0.04,0,0,0,0,0,0,0,0,0,0.06,0,0,0,0,0,0,0,0,0,0
470,[70],(Fe0.6Co0.4)68Dy6B22Nb4,2,0.408,0.272,0.22,0,0.04,0,0,0,0,0,0,0,0,0,0.06,0,0,0,0,0,0,0,0,0,0
471,[70],(Fe0.5Co0.5)68Dy6B22Nb4,1,0.34,0.34,0.22,0,0.04,0,0,0,0,0,0,0,0,0,0.06,0,0,0,0,0,0,0,0,0,0
472,[70],[(Fe0.8Co0.2)72Mo4B24]94Dy6,3,0.54144,0.13536,0.2256,0,0,0,0,0,0,0.0376,0,0,0,0,0.06,0,0,0,0,0,0,0,0,0,0
473,[71],(Fe72Mo4B24)96Dy4,1.5,0.6912,0,0.2304,0,0,0,0,0,0,0.0384,0,0,0,0,0.04,0,0,0,0,0,0,0,0,0,0
474,[71],(Fe72Mo4B24)95Dy5,2,0.684,0,0.228,0,0,0,0,0,0,0.038,0,0,0,0,0.05,0,0,0,0,0,0,0,0,0,0
475,[71],(Fe72Mo4B24)94Dy6,3,0.6768,0,0.2256,0,0,0,0,0,0,0.0376,0,0,0,0,0.06,0,0,0,0,0,0,0,0,0,0
476,[71],(Fe72Mo4B24)93Dy7,2,0.6696,0,0.2232,0,0,0,0,0,0,0.0372,0,0,0,0,0.07,0,0,0,0,0,0,0,0,0,0
477,[6],Fe50Cr14Mo14C14B6Y2,4,0.5,0,0.06,0,0,0,0.02,0,0.14,0.14,0,0.14,0,0,0,0,0,0,0,0,0,0,0,0,0
478,[72],Fe74Al4Sn2P11C4B4Si1,2,0.74,0,0.04,0.01,0,0,0,0,0,0,0.11,0.04,0,0.04,0,0,0,0,0,0,0,0,0.02,0,0
479,[72],Fe74Al4Sn2P10Si4B4C2,2,0.74,0,0.04,0.04,0,0,0,0,0,0,0.1,0.02,0,0.04,0,0,0,0,0,0,0,0,0.02,0,0
480,[73],Fe43Co4.5Cr16.5Mo16.5C14B4Y1.5,10,0.43,0.045,0.04,0,0,0,0.015,0,0.165,0.1615,0,0.14,0,0,0,0,0,0,0,0,0,0,0,0,0
